site_code,latitude_numeric,longitude_numeric,easting_m,northing_m,spatial_fold,coordinate_source,input_crs,projected_crs,fold_inputs,k,random_state,n_init
336557N1179512W001,33.655700,-117.951200,411804.357303,3724387.493860,2,DWR_OCWD_WELL_MASTER authoritative DWR periodic coordinates,EPSG:4269 NAD83,EPSG:26911 NAD83 / UTM zone 11N,easting_m|northing_m,5,20260904,50
336621N1178781W001,33.662100,-117.878100,418588.461479,3725037.134963,4,DWR_OCWD_WELL_MASTER authoritative DWR periodic coordinates,EPSG:4269 NAD83,EPSG:26911 NAD83 / UTM zone 11N,easting_m|northing_m,5,20260904,50
336632N1178523W001,33.663200,-117.852300,420981.539670,3725139.075764,4,DWR_OCWD_WELL_MASTER authoritative DWR periodic coordinates,EPSG:4269 NAD83,EPSG:26911 NAD83 / UTM zone 11N,easting_m|northing_m,5,20260904,50
336647N1179672W001,33.664700,-117.967200,410330.114324,3725399.162152,2,DWR_OCWD_WELL_MASTER authoritative DWR periodic coordinates,EPSG:4269 NAD83,EPSG:26911 NAD83 / UTM zone 11N,easting_m|northing_m,5,20260904,50
336669N1177464W001,33.666900,-117.746400,430802.937169,3725473.381346,4,DWR_OCWD_WELL_MASTER authoritative DWR periodic coordinates,EPSG:4269 NAD83,EPSG:26911 NAD83 / UTM zone 11N,easting_m|northing_m,5,20260904,50
336672N1178329W001,33.667200,-117.832900,422783.776983,3725567.918580,4,DWR_OCWD_WELL_MASTER authoritative DWR periodic coordinates,EPSG:4269 NAD83,EPSG:26911 NAD83 / UTM zone 11N,easting_m|northing_m,5,20260904,50
336672N1179322W001,33.667200,-117.932200,413577.605987,3725646.537807,2,DWR_OCWD_WELL_MASTER authoritative DWR periodic coordinates,EPSG:4269 NAD83,EPSG:26911 NAD83 / UTM zone 11N,easting_m|northing_m,5,20260904,50
336674N1178918W001,33.667400,-117.891800,417323.320573,3725635.659564,2,DWR_OCWD_WELL_MASTER authoritative DWR periodic coordinates,EPSG:4269 NAD83,EPSG:26911 NAD83 / UTM zone 11N,easting_m|northing_m,5,20260904,50
336678N1177626W001,33.667800,-117.762600,429301.773905,3725584.134327,4,DWR_OCWD_WELL_MASTER authoritative DWR periodic coordinates,EPSG:4269 NAD83,EPSG:26911 NAD83 / UTM zone 11N,easting_m|northing_m,5,20260904,50
336684N1177654W001,33.668400,-117.765400,429042.681508,3725652.578885,4,DWR_OCWD_WELL_MASTER authoritative DWR periodic coordinates,EPSG:4269 NAD83,EPSG:26911 NAD83 / UTM zone 11N,easting_m|northing_m,5,20260904,50
336689N1178912W001,33.668900,-117.891200,417380.381174,3725801.495579,2,DWR_OCWD_WELL_MASTER authoritative DWR periodic coordinates,EPSG:4269 NAD83,EPSG:26911 NAD83 / UTM zone 11N,easting_m|northing_m,5,20260904,50
336716N1177529W001,33.671560,-117.752860,430207.795880,3725994.406596,4,DWR_OCWD_WELL_MASTER authoritative DWR periodic coordinates,EPSG:4269 NAD83,EPSG:26911 NAD83 / UTM zone 11N,easting_m|northing_m,5,20260904,50
336716N1177529W002,33.671560,-117.752860,430207.795880,3725994.406596,4,DWR_OCWD_WELL_MASTER authoritative DWR periodic coordinates,EPSG:4269 NAD83,EPSG:26911 NAD83 / UTM zone 11N,easting_m|northing_m,5,20260904,50
336722N1179694W001,33.672200,-117.969400,410133.943863,3726232.659764,2,DWR_OCWD_WELL_MASTER authoritative DWR periodic coordinates,EPSG:4269 NAD83,EPSG:26911 NAD83 / UTM zone 11N,easting_m|northing_m,5,20260904,50
336726N1177521W001,33.672600,-117.752100,430279.090825,3726109.204398,4,DWR_OCWD_WELL_MASTER authoritative DWR periodic coordinates,EPSG:4269 NAD83,EPSG:26911 NAD83 / UTM zone 11N,easting_m|northing_m,5,20260904,50
336726N1178014W001,33.672600,-117.801400,425708.787407,3726143.559419,4,DWR_OCWD_WELL_MASTER authoritative DWR periodic coordinates,EPSG:4269 NAD83,EPSG:26911 NAD83 / UTM zone 11N,easting_m|northing_m,5,20260904,50
336728N1177424W001,33.672800,-117.742400,431178.475799,3726124.876803,4,DWR_OCWD_WELL_MASTER authoritative DWR periodic coordinates,EPSG:4269 NAD83,EPSG:26911 NAD83 / UTM zone 11N,easting_m|northing_m,5,20260904,50
336746N1177574W001,33.674600,-117.757400,429789.386440,3726334.544910,4,DWR_OCWD_WELL_MASTER authoritative DWR periodic coordinates,EPSG:4269 NAD83,EPSG:26911 NAD83 / UTM zone 11N,easting_m|northing_m,5,20260904,50
336749N1179628W001,33.674900,-117.962750,410753.229245,3726526.267063,2,DWR_OCWD_WELL_MASTER authoritative DWR periodic coordinates,EPSG:4269 NAD83,EPSG:26911 NAD83 / UTM zone 11N,easting_m|northing_m,5,20260904,50
336753N1177488W001,33.675300,-117.748800,430587.182463,3726406.347366,4,DWR_OCWD_WELL_MASTER authoritative DWR periodic coordinates,EPSG:4269 NAD83,EPSG:26911 NAD83 / UTM zone 11N,easting_m|northing_m,5,20260904,50
336764N1177748W001,33.676400,-117.774800,428177.873677,3726546.081273,4,DWR_OCWD_WELL_MASTER authoritative DWR periodic coordinates,EPSG:4269 NAD83,EPSG:26911 NAD83 / UTM zone 11N,easting_m|northing_m,5,20260904,50
336781N1178263W001,33.678140,-117.826300,423405.363999,3726775.996710,4,DWR_OCWD_WELL_MASTER authoritative DWR periodic coordinates,EPSG:4269 NAD83,EPSG:26911 NAD83 / UTM zone 11N,easting_m|northing_m,5,20260904,50
336792N1177457W001,33.679200,-117.745700,430877.675778,3726836.684900,4,DWR_OCWD_WELL_MASTER authoritative DWR periodic coordinates,EPSG:4269 NAD83,EPSG:26911 NAD83 / UTM zone 11N,easting_m|northing_m,5,20260904,50
336795N1177521W001,33.679500,-117.752100,430284.659646,3726874.248044,4,DWR_OCWD_WELL_MASTER authoritative DWR periodic coordinates,EPSG:4269 NAD83,EPSG:26911 NAD83 / UTM zone 11N,easting_m|northing_m,5,20260904,50
336795N1177780W001,33.679500,-117.778000,427883.822426,3726892.026503,4,DWR_OCWD_WELL_MASTER authoritative DWR periodic coordinates,EPSG:4269 NAD83,EPSG:26911 NAD83 / UTM zone 11N,easting_m|northing_m,5,20260904,50
336798N1177876W001,33.679770,-117.787630,426991.382702,3726928.726925,4,DWR_OCWD_WELL_MASTER authoritative DWR periodic coordinates,EPSG:4269 NAD83,EPSG:26911 NAD83 / UTM zone 11N,easting_m|northing_m,5,20260904,50
336798N1177876W002,33.679770,-117.787630,426991.382702,3726928.726925,4,DWR_OCWD_WELL_MASTER authoritative DWR periodic coordinates,EPSG:4269 NAD83,EPSG:26911 NAD83 / UTM zone 11N,easting_m|northing_m,5,20260904,50
336813N1177975W001,33.681300,-117.797500,426077.779138,3727105.386639,4,DWR_OCWD_WELL_MASTER authoritative DWR periodic coordinates,EPSG:4269 NAD83,EPSG:26911 NAD83 / UTM zone 11N,easting_m|northing_m,5,20260904,50
336824N1177430W001,33.682400,-117.743000,431130.508219,3727189.684544,4,DWR_OCWD_WELL_MASTER authoritative DWR periodic coordinates,EPSG:4269 NAD83,EPSG:26911 NAD83 / UTM zone 11N,easting_m|northing_m,5,20260904,50
336831N1179773W001,33.683090,-117.977290,409413.913470,3727447.016452,2,DWR_OCWD_WELL_MASTER authoritative DWR periodic coordinates,EPSG:4269 NAD83,EPSG:26911 NAD83 / UTM zone 11N,easting_m|northing_m,5,20260904,50
336848N1179242W001,33.684800,-117.924200,414336.750742,3727591.325175,2,DWR_OCWD_WELL_MASTER authoritative DWR periodic coordinates,EPSG:4269 NAD83,EPSG:26911 NAD83 / UTM zone 11N,easting_m|northing_m,5,20260904,50
336853N1177671W001,33.685300,-117.767100,428898.989279,3727527.552769,4,DWR_OCWD_WELL_MASTER authoritative DWR periodic coordinates,EPSG:4269 NAD83,EPSG:26911 NAD83 / UTM zone 11N,easting_m|northing_m,5,20260904,50
336853N1179432W001,33.685300,-117.943200,412576.103311,3727662.683387,2,DWR_OCWD_WELL_MASTER authoritative DWR periodic coordinates,EPSG:4269 NAD83,EPSG:26911 NAD83 / UTM zone 11N,easting_m|northing_m,5,20260904,50
336856N1179333W001,33.685600,-117.933300,413494.052746,3727687.611609,2,DWR_OCWD_WELL_MASTER authoritative DWR periodic coordinates,EPSG:4269 NAD83,EPSG:26911 NAD83 / UTM zone 11N,easting_m|northing_m,5,20260904,50
336868N1179445W001,33.686800,-117.944500,412457.124677,3727830.101751,2,DWR_OCWD_WELL_MASTER authoritative DWR periodic coordinates,EPSG:4269 NAD83,EPSG:26911 NAD83 / UTM zone 11N,easting_m|northing_m,5,20260904,50
336870N1178340W001,33.687000,-117.834000,422699.516854,3727764.100889,4,DWR_OCWD_WELL_MASTER authoritative DWR periodic coordinates,EPSG:4269 NAD83,EPSG:26911 NAD83 / UTM zone 11N,easting_m|northing_m,5,20260904,50
336870N1179436W001,33.687000,-117.943600,412540.748490,3727851.514945,2,DWR_OCWD_WELL_MASTER authoritative DWR periodic coordinates,EPSG:4269 NAD83,EPSG:26911 NAD83 / UTM zone 11N,easting_m|northing_m,5,20260904,50
336875N1179148W001,33.687500,-117.914830,415207.927631,3727882.964018,2,DWR_OCWD_WELL_MASTER authoritative DWR periodic coordinates,EPSG:4269 NAD83,EPSG:26911 NAD83 / UTM zone 11N,easting_m|northing_m,5,20260904,50
336880N1178460W001,33.688000,-117.846000,421588.156690,3727884.023225,4,DWR_OCWD_WELL_MASTER authoritative DWR periodic coordinates,EPSG:4269 NAD83,EPSG:26911 NAD83 / UTM zone 11N,easting_m|northing_m,5,20260904,50
336884N1178051W001,33.688400,-117.805100,425379.434232,3727898.074632,4,DWR_OCWD_WELL_MASTER authoritative DWR periodic coordinates,EPSG:4269 NAD83,EPSG:26911 NAD83 / UTM zone 11N,easting_m|northing_m,5,20260904,50
336886N1178041W001,33.688600,-117.804100,425472.294069,3727919.527946,4,DWR_OCWD_WELL_MASTER authoritative DWR periodic coordinates,EPSG:4269 NAD83,EPSG:26911 NAD83 / UTM zone 11N,easting_m|northing_m,5,20260904,50
336888N1179433W001,33.688800,-117.943300,412570.378218,3728050.841759,2,DWR_OCWD_WELL_MASTER authoritative DWR periodic coordinates,EPSG:4269 NAD83,EPSG:26911 NAD83 / UTM zone 11N,easting_m|northing_m,5,20260904,50
336906N1179435W001,33.690600,-117.943500,412553.663788,3728250.591943,2,DWR_OCWD_WELL_MASTER authoritative DWR periodic coordinates,EPSG:4269 NAD83,EPSG:26911 NAD83 / UTM zone 11N,easting_m|northing_m,5,20260904,50
336917N1177557W001,33.691700,-117.755700,429960.848828,3728229.371518,4,DWR_OCWD_WELL_MASTER authoritative DWR periodic coordinates,EPSG:4269 NAD83,EPSG:26911 NAD83 / UTM zone 11N,easting_m|northing_m,5,20260904,50
336928N1177446W001,33.692800,-117.744600,430990.511611,3728343.862981,4,DWR_OCWD_WELL_MASTER authoritative DWR periodic coordinates,EPSG:4269 NAD83,EPSG:26911 NAD83 / UTM zone 11N,easting_m|northing_m,5,20260904,50
336939N1178685W001,33.693900,-117.868500,419508.175206,3728555.508302,4,DWR_OCWD_WELL_MASTER authoritative DWR periodic coordinates,EPSG:4269 NAD83,EPSG:26911 NAD83 / UTM zone 11N,easting_m|northing_m,5,20260904,50
336941N1179435W001,33.694100,-117.943500,412557.209127,3728638.666005,2,DWR_OCWD_WELL_MASTER authoritative DWR periodic coordinates,EPSG:4269 NAD83,EPSG:26911 NAD83 / UTM zone 11N,easting_m|northing_m,5,20260904,50
336944N1177985W001,33.694400,-117.798500,425996.312952,3728558.585726,4,DWR_OCWD_WELL_MASTER authoritative DWR periodic coordinates,EPSG:4269 NAD83,EPSG:26911 NAD83 / UTM zone 11N,easting_m|northing_m,5,20260904,50
336962N1178987W001,33.696200,-117.898700,416711.397272,3728834.475430,2,DWR_OCWD_WELL_MASTER authoritative DWR periodic coordinates,EPSG:4269 NAD83,EPSG:26911 NAD83 / UTM zone 11N,easting_m|northing_m,5,20260904,50
336962N1179060W001,33.696200,-117.906000,416034.835168,3728840.387293,2,DWR_OCWD_WELL_MASTER authoritative DWR periodic coordinates,EPSG:4269 NAD83,EPSG:26911 NAD83 / UTM zone 11N,easting_m|northing_m,5,20260904,50
336963N1179065W001,33.696300,-117.906500,415988.592610,3728851.881758,2,DWR_OCWD_WELL_MASTER authoritative DWR periodic coordinates,EPSG:4269 NAD83,EPSG:26911 NAD83 / UTM zone 11N,easting_m|northing_m,5,20260904,50
336965N1178644W001,33.696500,-117.864400,419890.583851,3728840.601466,4,DWR_OCWD_WELL_MASTER authoritative DWR periodic coordinates,EPSG:4269 NAD83,EPSG:26911 NAD83 / UTM zone 11N,easting_m|northing_m,5,20260904,50
336966N1179388W001,33.696600,-117.938800,412995.336311,3728911.891893,2,DWR_OCWD_WELL_MASTER authoritative DWR periodic coordinates,EPSG:4269 NAD83,EPSG:26911 NAD83 / UTM zone 11N,easting_m|northing_m,5,20260904,50
336977N1178594W001,33.697700,-117.859400,420355.086296,3728969.786662,4,DWR_OCWD_WELL_MASTER authoritative DWR periodic coordinates,EPSG:4269 NAD83,EPSG:26911 NAD83 / UTM zone 11N,easting_m|northing_m,5,20260904,50
336978N1179845W001,33.697800,-117.984500,408761.132680,3729084.389588,2,DWR_OCWD_WELL_MASTER authoritative DWR periodic coordinates,EPSG:4269 NAD83,EPSG:26911 NAD83 / UTM zone 11N,easting_m|northing_m,5,20260904,50
336979N1179417W002,33.697900,-117.941700,412727.879700,3729058.481003,2,DWR_OCWD_WELL_MASTER authoritative DWR periodic coordinates,EPSG:4269 NAD83,EPSG:26911 NAD83 / UTM zone 11N,easting_m|northing_m,5,20260904,50
336979N1179454W001,33.697900,-117.945400,412384.969877,3729061.614355,2,DWR_OCWD_WELL_MASTER authoritative DWR periodic coordinates,EPSG:4269 NAD83,EPSG:26911 NAD83 / UTM zone 11N,easting_m|northing_m,5,20260904,50
336983N1177947W001,33.698300,-117.794700,426351.827268,3728988.288177,4,DWR_OCWD_WELL_MASTER authoritative DWR periodic coordinates,EPSG:4269 NAD83,EPSG:26911 NAD83 / UTM zone 11N,easting_m|northing_m,5,20260904,50
337010N1178581W001,33.701000,-117.858100,420478.607986,3729334.680208,4,DWR_OCWD_WELL_MASTER authoritative DWR periodic coordinates,EPSG:4269 NAD83,EPSG:26911 NAD83 / UTM zone 11N,easting_m|northing_m,5,20260904,50
337012N1179779W001,33.701200,-117.977900,409376.383310,3729455.565409,2,DWR_OCWD_WELL_MASTER authoritative DWR periodic coordinates,EPSG:4269 NAD83,EPSG:26911 NAD83 / UTM zone 11N,easting_m|northing_m,5,20260904,50
337036N1179030W001,33.703600,-117.903000,416320.049890,3729658.448772,2,DWR_OCWD_WELL_MASTER authoritative DWR periodic coordinates,EPSG:4269 NAD83,EPSG:26911 NAD83 / UTM zone 11N,easting_m|northing_m,5,20260904,50
337046N1180143W001,33.704610,-118.014290,406007.642004,3729866.199343,2,DWR_OCWD_WELL_MASTER authoritative DWR periodic coordinates,EPSG:4269 NAD83,EPSG:26911 NAD83 / UTM zone 11N,easting_m|northing_m,5,20260904,50
337046N1180143W002,33.704610,-118.014290,406007.642004,3729866.199343,2,DWR_OCWD_WELL_MASTER authoritative DWR periodic coordinates,EPSG:4269 NAD83,EPSG:26911 NAD83 / UTM zone 11N,easting_m|northing_m,5,20260904,50
337057N1180070W001,33.705700,-118.007000,406684.398565,3729980.444488,2,DWR_OCWD_WELL_MASTER authoritative DWR periodic coordinates,EPSG:4269 NAD83,EPSG:26911 NAD83 / UTM zone 11N,easting_m|northing_m,5,20260904,50
337059N1180056W001,33.705900,-118.005600,406814.353440,3730001.355746,2,DWR_OCWD_WELL_MASTER authoritative DWR periodic coordinates,EPSG:4269 NAD83,EPSG:26911 NAD83 / UTM zone 11N,easting_m|northing_m,5,20260904,50
337105N1178932W001,33.710450,-117.893180,417236.657586,3730410.046799,2,DWR_OCWD_WELL_MASTER authoritative DWR periodic coordinates,EPSG:4269 NAD83,EPSG:26911 NAD83 / UTM zone 11N,easting_m|northing_m,5,20260904,50
337105N1178932W002,33.710450,-117.893180,417236.657586,3730410.046799,2,DWR_OCWD_WELL_MASTER authoritative DWR periodic coordinates,EPSG:4269 NAD83,EPSG:26911 NAD83 / UTM zone 11N,easting_m|northing_m,5,20260904,50
337112N1177826W001,33.711200,-117.782600,427484.053868,3730410.033276,4,DWR_OCWD_WELL_MASTER authoritative DWR periodic coordinates,EPSG:4269 NAD83,EPSG:26911 NAD83 / UTM zone 11N,easting_m|northing_m,5,20260904,50
337125N1179546W001,33.712500,-117.954600,411547.296855,3730688.287191,2,DWR_OCWD_WELL_MASTER authoritative DWR periodic coordinates,EPSG:4269 NAD83,EPSG:26911 NAD83 / UTM zone 11N,easting_m|northing_m,5,20260904,50
337141N1179955W001,33.714100,-117.995500,407759.092128,3730901.494646,2,DWR_OCWD_WELL_MASTER authoritative DWR periodic coordinates,EPSG:4269 NAD83,EPSG:26911 NAD83 / UTM zone 11N,easting_m|northing_m,5,20260904,50
337146N1179977W001,33.714600,-117.997700,407555.772744,3730958.902654,2,DWR_OCWD_WELL_MASTER authoritative DWR periodic coordinates,EPSG:4269 NAD83,EPSG:26911 NAD83 / UTM zone 11N,easting_m|northing_m,5,20260904,50
337148N1177696W001,33.714790,-117.769600,428691.633689,3730799.024041,4,DWR_OCWD_WELL_MASTER authoritative DWR periodic coordinates,EPSG:4269 NAD83,EPSG:26911 NAD83 / UTM zone 11N,easting_m|northing_m,5,20260904,50
337148N1177696W002,33.714790,-117.769600,428691.633689,3730799.024041,4,DWR_OCWD_WELL_MASTER authoritative DWR periodic coordinates,EPSG:4269 NAD83,EPSG:26911 NAD83 / UTM zone 11N,easting_m|northing_m,5,20260904,50
337148N1177696W003,33.714790,-117.769600,428691.633689,3730799.024041,4,DWR_OCWD_WELL_MASTER authoritative DWR periodic coordinates,EPSG:4269 NAD83,EPSG:26911 NAD83 / UTM zone 11N,easting_m|northing_m,5,20260904,50
337159N1178307W001,33.715900,-117.830700,423031.170228,3730965.985833,4,DWR_OCWD_WELL_MASTER authoritative DWR periodic coordinates,EPSG:4269 NAD83,EPSG:26911 NAD83 / UTM zone 11N,easting_m|northing_m,5,20260904,50
337161N1179887W001,33.716100,-117.988700,408391.314184,3731117.196769,2,DWR_OCWD_WELL_MASTER authoritative DWR periodic coordinates,EPSG:4269 NAD83,EPSG:26911 NAD83 / UTM zone 11N,easting_m|northing_m,5,20260904,50
337163N1180188W001,33.716300,-118.018800,405602.484603,3731166.496974,2,DWR_OCWD_WELL_MASTER authoritative DWR periodic coordinates,EPSG:4269 NAD83,EPSG:26911 NAD83 / UTM zone 11N,easting_m|northing_m,5,20260904,50
337164N1180435W001,33.716400,-118.043500,403313.906876,3731200.450963,2,DWR_OCWD_WELL_MASTER authoritative DWR periodic coordinates,EPSG:4269 NAD83,EPSG:26911 NAD83 / UTM zone 11N,easting_m|northing_m,5,20260904,50
337167N1179225W001,33.716700,-117.922500,414525.928278,3731126.931015,2,DWR_OCWD_WELL_MASTER authoritative DWR periodic coordinates,EPSG:4269 NAD83,EPSG:26911 NAD83 / UTM zone 11N,easting_m|northing_m,5,20260904,50
337174N1179871W001,33.717400,-117.987100,408540.947573,3731259.920787,2,DWR_OCWD_WELL_MASTER authoritative DWR periodic coordinates,EPSG:4269 NAD83,EPSG:26911 NAD83 / UTM zone 11N,easting_m|northing_m,5,20260904,50
337184N1180274W001,33.718400,-118.027400,404807.931568,3731407.243860,2,DWR_OCWD_WELL_MASTER authoritative DWR periodic coordinates,EPSG:4269 NAD83,EPSG:26911 NAD83 / UTM zone 11N,easting_m|northing_m,5,20260904,50
337188N1180275W001,33.718800,-118.027500,404799.107419,3731451.688044,2,DWR_OCWD_WELL_MASTER authoritative DWR periodic coordinates,EPSG:4269 NAD83,EPSG:26911 NAD83 / UTM zone 11N,easting_m|northing_m,5,20260904,50
337195N1180351W001,33.719500,-118.035100,404095.694051,3731536.340981,2,DWR_OCWD_WELL_MASTER authoritative DWR periodic coordinates,EPSG:4269 NAD83,EPSG:26911 NAD83 / UTM zone 11N,easting_m|northing_m,5,20260904,50
337195N1180449W001,33.719500,-118.044900,403187.663604,3731545.491633,2,DWR_OCWD_WELL_MASTER authoritative DWR periodic coordinates,EPSG:4269 NAD83,EPSG:26911 NAD83 / UTM zone 11N,easting_m|northing_m,5,20260904,50
337197N1179379W001,33.719700,-117.937900,413102.018012,3731472.427545,2,DWR_OCWD_WELL_MASTER authoritative DWR periodic coordinates,EPSG:4269 NAD83,EPSG:26911 NAD83 / UTM zone 11N,easting_m|northing_m,5,20260904,50
337216N1178318W001,33.721590,-117.831770,422937.110805,3731597.677088,4,DWR_OCWD_WELL_MASTER authoritative DWR periodic coordinates,EPSG:4269 NAD83,EPSG:26911 NAD83 / UTM zone 11N,easting_m|northing_m,5,20260904,50
337216N1178318W002,33.721590,-117.831770,422937.110805,3731597.677088,4,DWR_OCWD_WELL_MASTER authoritative DWR periodic coordinates,EPSG:4269 NAD83,EPSG:26911 NAD83 / UTM zone 11N,easting_m|northing_m,5,20260904,50
337216N1178318W003,33.721590,-117.831770,422937.110805,3731597.677088,4,DWR_OCWD_WELL_MASTER authoritative DWR periodic coordinates,EPSG:4269 NAD83,EPSG:26911 NAD83 / UTM zone 11N,easting_m|northing_m,5,20260904,50
337221N1179287W001,33.722100,-117.928700,413956.836950,3731730.827412,2,DWR_OCWD_WELL_MASTER authoritative DWR periodic coordinates,EPSG:4269 NAD83,EPSG:26911 NAD83 / UTM zone 11N,easting_m|northing_m,5,20260904,50
337233N1179421W001,33.723310,-117.942070,412719.301218,3731876.219142,2,DWR_OCWD_WELL_MASTER authoritative DWR periodic coordinates,EPSG:4269 NAD83,EPSG:26911 NAD83 / UTM zone 11N,easting_m|northing_m,5,20260904,50
337233N1179421W002,33.723310,-117.942070,412719.301218,3731876.219142,2,DWR_OCWD_WELL_MASTER authoritative DWR periodic coordinates,EPSG:4269 NAD83,EPSG:26911 NAD83 / UTM zone 11N,easting_m|northing_m,5,20260904,50
337233N1179421W003,33.723310,-117.942070,412719.301218,3731876.219142,2,DWR_OCWD_WELL_MASTER authoritative DWR periodic coordinates,EPSG:4269 NAD83,EPSG:26911 NAD83 / UTM zone 11N,easting_m|northing_m,5,20260904,50
337265N1178911W001,33.726500,-117.891100,417444.764705,3732187.975068,2,DWR_OCWD_WELL_MASTER authoritative DWR periodic coordinates,EPSG:4269 NAD83,EPSG:26911 NAD83 / UTM zone 11N,easting_m|northing_m,5,20260904,50
337279N1179386W001,33.727900,-117.938600,413045.429530,3732382.223304,2,DWR_OCWD_WELL_MASTER authoritative DWR periodic coordinates,EPSG:4269 NAD83,EPSG:26911 NAD83 / UTM zone 11N,easting_m|northing_m,5,20260904,50
337281N1177946W001,33.728100,-117.794600,426386.529984,3732292.350763,4,DWR_OCWD_WELL_MASTER authoritative DWR periodic coordinates,EPSG:4269 NAD83,EPSG:26911 NAD83 / UTM zone 11N,easting_m|northing_m,5,20260904,50
337304N1177858W001,33.730400,-117.785800,427203.743154,3732541.124658,4,DWR_OCWD_WELL_MASTER authoritative DWR periodic coordinates,EPSG:4269 NAD83,EPSG:26911 NAD83 / UTM zone 11N,easting_m|northing_m,5,20260904,50
337304N1177898W001,33.730400,-117.789800,426833.175404,3732543.954128,4,DWR_OCWD_WELL_MASTER authoritative DWR periodic coordinates,EPSG:4269 NAD83,EPSG:26911 NAD83 / UTM zone 11N,easting_m|northing_m,5,20260904,50
337304N1180246W001,33.730400,-118.024600,405080.583476,3732735.223513,2,DWR_OCWD_WELL_MASTER authoritative DWR periodic coordinates,EPSG:4269 NAD83,EPSG:26911 NAD83 / UTM zone 11N,easting_m|northing_m,5,20260904,50
337305N1180330W001,33.730500,-118.033000,404302.482166,3732754.071675,2,DWR_OCWD_WELL_MASTER authoritative DWR periodic coordinates,EPSG:4269 NAD83,EPSG:26911 NAD83 / UTM zone 11N,easting_m|northing_m,5,20260904,50
337308N1177837W001,33.730800,-117.783700,427398.628048,3732583.995807,4,DWR_OCWD_WELL_MASTER authoritative DWR periodic coordinates,EPSG:4269 NAD83,EPSG:26911 NAD83 / UTM zone 11N,easting_m|northing_m,5,20260904,50
337334N1178220W001,33.733400,-117.822000,423852.750133,3732899.887576,4,DWR_OCWD_WELL_MASTER authoritative DWR periodic coordinates,EPSG:4269 NAD83,EPSG:26911 NAD83 / UTM zone 11N,easting_m|northing_m,5,20260904,50
337344N1178235W001,33.734400,-117.823500,423714.676661,3733011.873405,4,DWR_OCWD_WELL_MASTER authoritative DWR periodic coordinates,EPSG:4269 NAD83,EPSG:26911 NAD83 / UTM zone 11N,easting_m|northing_m,5,20260904,50
337370N1178012W001,33.737000,-117.801200,425782.739692,3733283.887839,4,DWR_OCWD_WELL_MASTER authoritative DWR periodic coordinates,EPSG:4269 NAD83,EPSG:26911 NAD83 / UTM zone 11N,easting_m|northing_m,5,20260904,50
337374N1179933W001,33.737440,-117.993260,407991.565339,3733487.422937,2,DWR_OCWD_WELL_MASTER authoritative DWR periodic coordinates,EPSG:4269 NAD83,EPSG:26911 NAD83 / UTM zone 11N,easting_m|northing_m,5,20260904,50
337374N1179933W002,33.737440,-117.993260,407991.565339,3733487.422937,2,DWR_OCWD_WELL_MASTER authoritative DWR periodic coordinates,EPSG:4269 NAD83,EPSG:26911 NAD83 / UTM zone 11N,easting_m|northing_m,5,20260904,50
337374N1179933W003,33.737440,-117.993260,407991.565339,3733487.422937,2,DWR_OCWD_WELL_MASTER authoritative DWR periodic coordinates,EPSG:4269 NAD83,EPSG:26911 NAD83 / UTM zone 11N,easting_m|northing_m,5,20260904,50
337414N1179865W001,33.741400,-117.986500,408621.986279,3733920.497066,2,DWR_OCWD_WELL_MASTER authoritative DWR periodic coordinates,EPSG:4269 NAD83,EPSG:26911 NAD83 / UTM zone 11N,easting_m|northing_m,5,20260904,50
337414N1179865W002,33.741400,-117.986500,408621.986279,3733920.497066,2,DWR_OCWD_WELL_MASTER authoritative DWR periodic coordinates,EPSG:4269 NAD83,EPSG:26911 NAD83 / UTM zone 11N,easting_m|northing_m,5,20260904,50
337425N1178213W001,33.742500,-117.821300,423925.630797,3733908.358137,4,DWR_OCWD_WELL_MASTER authoritative DWR periodic coordinates,EPSG:4269 NAD83,EPSG:26911 NAD83 / UTM zone 11N,easting_m|northing_m,5,20260904,50
337444N1178541W001,33.744400,-117.854100,420889.131945,3734143.702555,4,DWR_OCWD_WELL_MASTER authoritative DWR periodic coordinates,EPSG:4269 NAD83,EPSG:26911 NAD83 / UTM zone 11N,easting_m|northing_m,5,20260904,50
337447N1178536W001,33.744700,-117.853600,420935.720986,3734176.582582,4,DWR_OCWD_WELL_MASTER authoritative DWR periodic coordinates,EPSG:4269 NAD83,EPSG:26911 NAD83 / UTM zone 11N,easting_m|northing_m,5,20260904,50
337447N1179082W001,33.744700,-117.908200,415878.264318,3734219.779184,2,DWR_OCWD_WELL_MASTER authoritative DWR periodic coordinates,EPSG:4269 NAD83,EPSG:26911 NAD83 / UTM zone 11N,easting_m|northing_m,5,20260904,50
337485N1179555W001,33.748500,-117.955500,411500.867745,3734680.707120,2,DWR_OCWD_WELL_MASTER authoritative DWR periodic coordinates,EPSG:4269 NAD83,EPSG:26911 NAD83 / UTM zone 11N,easting_m|northing_m,5,20260904,50
337488N1179944W001,33.748800,-117.994400,407898.104228,3734748.035318,2,DWR_OCWD_WELL_MASTER authoritative DWR periodic coordinates,EPSG:4269 NAD83,EPSG:26911 NAD83 / UTM zone 11N,easting_m|northing_m,5,20260904,50
337490N1179624W002,33.749000,-117.962400,410862.278811,3734742.089932,2,DWR_OCWD_WELL_MASTER authoritative DWR periodic coordinates,EPSG:4269 NAD83,EPSG:26911 NAD83 / UTM zone 11N,easting_m|northing_m,5,20260904,50
337503N1179116W001,33.750300,-117.911600,415568.818820,3734843.479402,2,DWR_OCWD_WELL_MASTER authoritative DWR periodic coordinates,EPSG:4269 NAD83,EPSG:26911 NAD83 / UTM zone 11N,easting_m|northing_m,5,20260904,50
337525N1179058W001,33.752550,-117.905780,416110.068280,3735088.206733,2,DWR_OCWD_WELL_MASTER authoritative DWR periodic coordinates,EPSG:4269 NAD83,EPSG:26911 NAD83 / UTM zone 11N,easting_m|northing_m,5,20260904,50
337525N1179058W002,33.752550,-117.905780,416110.068280,3735088.206733,2,DWR_OCWD_WELL_MASTER authoritative DWR periodic coordinates,EPSG:4269 NAD83,EPSG:26911 NAD83 / UTM zone 11N,easting_m|northing_m,5,20260904,50
337525N1179058W003,33.752550,-117.905780,416110.068280,3735088.206733,2,DWR_OCWD_WELL_MASTER authoritative DWR periodic coordinates,EPSG:4269 NAD83,EPSG:26911 NAD83 / UTM zone 11N,easting_m|northing_m,5,20260904,50
337533N1180914W001,33.753300,-118.091400,398918.789401,3735337.865269,1,DWR_OCWD_WELL_MASTER authoritative DWR periodic coordinates,EPSG:4269 NAD83,EPSG:26911 NAD83 / UTM zone 11N,easting_m|northing_m,5,20260904,50
337538N1180358W001,33.753800,-118.035800,404069.023650,3735340.185005,1,DWR_OCWD_WELL_MASTER authoritative DWR periodic coordinates,EPSG:4269 NAD83,EPSG:26911 NAD83 / UTM zone 11N,easting_m|northing_m,5,20260904,50
337571N1180211W001,33.757100,-118.021100,405434.149025,3735692.510073,1,DWR_OCWD_WELL_MASTER authoritative DWR periodic coordinates,EPSG:4269 NAD83,EPSG:26911 NAD83 / UTM zone 11N,easting_m|northing_m,5,20260904,50
337588N1179714W001,33.758800,-117.971400,410038.903099,3735836.527415,2,DWR_OCWD_WELL_MASTER authoritative DWR periodic coordinates,EPSG:4269 NAD83,EPSG:26911 NAD83 / UTM zone 11N,easting_m|northing_m,5,20260904,50
337589N1179207W001,33.758900,-117.920700,414734.475817,3735804.528008,2,DWR_OCWD_WELL_MASTER authoritative DWR periodic coordinates,EPSG:4269 NAD83,EPSG:26911 NAD83 / UTM zone 11N,easting_m|northing_m,5,20260904,50
337591N1180435W001,33.759090,-118.043500,403361.791835,3735933.934968,1,DWR_OCWD_WELL_MASTER authoritative DWR periodic coordinates,EPSG:4269 NAD83,EPSG:26911 NAD83 / UTM zone 11N,easting_m|northing_m,5,20260904,50
337591N1180435W002,33.759090,-118.043500,403361.791835,3735933.934968,1,DWR_OCWD_WELL_MASTER authoritative DWR periodic coordinates,EPSG:4269 NAD83,EPSG:26911 NAD83 / UTM zone 11N,easting_m|northing_m,5,20260904,50
337591N1180435W003,33.759090,-118.043500,403361.791835,3735933.934968,1,DWR_OCWD_WELL_MASTER authoritative DWR periodic coordinates,EPSG:4269 NAD83,EPSG:26911 NAD83 / UTM zone 11N,easting_m|northing_m,5,20260904,50
337593N1180743W001,33.759300,-118.074300,400509.529099,3735986.518883,1,DWR_OCWD_WELL_MASTER authoritative DWR periodic coordinates,EPSG:4269 NAD83,EPSG:26911 NAD83 / UTM zone 11N,easting_m|northing_m,5,20260904,50
337595N1180740W001,33.759500,-118.074000,400537.544257,3736008.405631,1,DWR_OCWD_WELL_MASTER authoritative DWR periodic coordinates,EPSG:4269 NAD83,EPSG:26911 NAD83 / UTM zone 11N,easting_m|northing_m,5,20260904,50
337608N1179975W001,33.760800,-117.997500,407623.841777,3736081.369395,1,DWR_OCWD_WELL_MASTER authoritative DWR periodic coordinates,EPSG:4269 NAD83,EPSG:26911 NAD83 / UTM zone 11N,easting_m|northing_m,5,20260904,50
337646N1178432W001,33.764610,-117.843250,421912.465567,3736376.281656,4,DWR_OCWD_WELL_MASTER authoritative DWR periodic coordinates,EPSG:4269 NAD83,EPSG:26911 NAD83 / UTM zone 11N,easting_m|northing_m,5,20260904,50
337646N1178432W002,33.764610,-117.843250,421912.465567,3736376.281656,4,DWR_OCWD_WELL_MASTER authoritative DWR periodic coordinates,EPSG:4269 NAD83,EPSG:26911 NAD83 / UTM zone 11N,easting_m|northing_m,5,20260904,50
337646N1178432W003,33.764610,-117.843250,421912.465567,3736376.281656,4,DWR_OCWD_WELL_MASTER authoritative DWR periodic coordinates,EPSG:4269 NAD83,EPSG:26911 NAD83 / UTM zone 11N,easting_m|northing_m,5,20260904,50
337651N1179102W001,33.765100,-117.910200,415712.976510,3736483.343839,2,DWR_OCWD_WELL_MASTER authoritative DWR periodic coordinates,EPSG:4269 NAD83,EPSG:26911 NAD83 / UTM zone 11N,easting_m|northing_m,5,20260904,50
337688N1178844W001,33.768800,-117.884400,418105.721664,3736872.797953,3,DWR_OCWD_WELL_MASTER authoritative DWR periodic coordinates,EPSG:4269 NAD83,EPSG:26911 NAD83 / UTM zone 11N,easting_m|northing_m,5,20260904,50
337712N1178409W001,33.771200,-117.840900,422136.049918,3737105.192793,4,DWR_OCWD_WELL_MASTER authoritative DWR periodic coordinates,EPSG:4269 NAD83,EPSG:26911 NAD83 / UTM zone 11N,easting_m|northing_m,5,20260904,50
337722N1180390W001,33.772200,-118.039000,403793.205737,3737383.373190,1,DWR_OCWD_WELL_MASTER authoritative DWR periodic coordinates,EPSG:4269 NAD83,EPSG:26911 NAD83 / UTM zone 11N,easting_m|northing_m,5,20260904,50
337732N1178417W001,33.773200,-117.841700,422063.782158,3737327.554522,4,DWR_OCWD_WELL_MASTER authoritative DWR periodic coordinates,EPSG:4269 NAD83,EPSG:26911 NAD83 / UTM zone 11N,easting_m|northing_m,5,20260904,50
337754N1178448W001,33.775400,-117.844800,421778.732943,3737573.836096,4,DWR_OCWD_WELL_MASTER authoritative DWR periodic coordinates,EPSG:4269 NAD83,EPSG:26911 NAD83 / UTM zone 11N,easting_m|northing_m,5,20260904,50
337770N1179685W001,33.777000,-117.968500,410326.443249,3737852.015417,2,DWR_OCWD_WELL_MASTER authoritative DWR periodic coordinates,EPSG:4269 NAD83,EPSG:26911 NAD83 / UTM zone 11N,easting_m|northing_m,5,20260904,50
337779N1179480W001,33.777850,-117.948040,412221.772013,3737928.646080,3,DWR_OCWD_WELL_MASTER authoritative DWR periodic coordinates,EPSG:4269 NAD83,EPSG:26911 NAD83 / UTM zone 11N,easting_m|northing_m,5,20260904,50
337779N1179480W002,33.777850,-117.948040,412221.772013,3737928.646080,3,DWR_OCWD_WELL_MASTER authoritative DWR periodic coordinates,EPSG:4269 NAD83,EPSG:26911 NAD83 / UTM zone 11N,easting_m|northing_m,5,20260904,50
337779N1179480W003,33.777850,-117.948040,412221.772013,3737928.646080,3,DWR_OCWD_WELL_MASTER authoritative DWR periodic coordinates,EPSG:4269 NAD83,EPSG:26911 NAD83 / UTM zone 11N,easting_m|northing_m,5,20260904,50
337800N1180851W001,33.780000,-118.085100,399533.464998,3738292.241983,1,DWR_OCWD_WELL_MASTER authoritative DWR periodic coordinates,EPSG:4269 NAD83,EPSG:26911 NAD83 / UTM zone 11N,easting_m|northing_m,5,20260904,50
337806N1178326W001,33.780600,-117.832600,422913.038181,3738141.210824,4,DWR_OCWD_WELL_MASTER authoritative DWR periodic coordinates,EPSG:4269 NAD83,EPSG:26911 NAD83 / UTM zone 11N,easting_m|northing_m,5,20260904,50
337815N1180637W001,33.781500,-118.063700,401516.639866,3738437.902760,1,DWR_OCWD_WELL_MASTER authoritative DWR periodic coordinates,EPSG:4269 NAD83,EPSG:26911 NAD83 / UTM zone 11N,easting_m|northing_m,5,20260904,50
337820N1179029W001,33.782000,-117.902900,416405.415334,3738351.257605,3,DWR_OCWD_WELL_MASTER authoritative DWR periodic coordinates,EPSG:4269 NAD83,EPSG:26911 NAD83 / UTM zone 11N,easting_m|northing_m,5,20260904,50
337851N1179118W001,33.785100,-117.911800,415584.428165,3738702.240708,3,DWR_OCWD_WELL_MASTER authoritative DWR periodic coordinates,EPSG:4269 NAD83,EPSG:26911 NAD83 / UTM zone 11N,easting_m|northing_m,5,20260904,50
337851N1180522W001,33.785100,-118.052200,402585.497840,3738826.142217,1,DWR_OCWD_WELL_MASTER authoritative DWR periodic coordinates,EPSG:4269 NAD83,EPSG:26911 NAD83 / UTM zone 11N,easting_m|northing_m,5,20260904,50
337856N1178834W001,33.785620,-117.883400,418214.311121,3738736.989871,3,DWR_OCWD_WELL_MASTER authoritative DWR periodic coordinates,EPSG:4269 NAD83,EPSG:26911 NAD83 / UTM zone 11N,easting_m|northing_m,5,20260904,50
337856N1178834W002,33.785620,-117.883400,418214.311121,3738736.989871,3,DWR_OCWD_WELL_MASTER authoritative DWR periodic coordinates,EPSG:4269 NAD83,EPSG:26911 NAD83 / UTM zone 11N,easting_m|northing_m,5,20260904,50
337856N1178834W003,33.785620,-117.883400,418214.311121,3738736.989871,3,DWR_OCWD_WELL_MASTER authoritative DWR periodic coordinates,EPSG:4269 NAD83,EPSG:26911 NAD83 / UTM zone 11N,easting_m|northing_m,5,20260904,50
337856N1179996W001,33.785600,-117.999600,407456.030126,3738833.087796,1,DWR_OCWD_WELL_MASTER authoritative DWR periodic coordinates,EPSG:4269 NAD83,EPSG:26911 NAD83 / UTM zone 11N,easting_m|northing_m,5,20260904,50
337856N1180797W001,33.785600,-118.079700,400039.966683,3738907.926927,1,DWR_OCWD_WELL_MASTER authoritative DWR periodic coordinates,EPSG:4269 NAD83,EPSG:26911 NAD83 / UTM zone 11N,easting_m|northing_m,5,20260904,50
337861N1180732W001,33.786100,-118.073200,400642.349854,3738957.079615,1,DWR_OCWD_WELL_MASTER authoritative DWR periodic coordinates,EPSG:4269 NAD83,EPSG:26911 NAD83 / UTM zone 11N,easting_m|northing_m,5,20260904,50
337870N1179682W001,33.787000,-117.968200,410364.640643,3738960.556175,3,DWR_OCWD_WELL_MASTER authoritative DWR periodic coordinates,EPSG:4269 NAD83,EPSG:26911 NAD83 / UTM zone 11N,easting_m|northing_m,5,20260904,50
337886N1180495W001,33.788600,-118.049500,402839.432888,3739211.677036,1,DWR_OCWD_WELL_MASTER authoritative DWR periodic coordinates,EPSG:4269 NAD83,EPSG:26911 NAD83 / UTM zone 11N,easting_m|northing_m,5,20260904,50
337908N1179594W001,33.790800,-117.959400,411183.292703,3739374.278759,3,DWR_OCWD_WELL_MASTER authoritative DWR periodic coordinates,EPSG:4269 NAD83,EPSG:26911 NAD83 / UTM zone 11N,easting_m|northing_m,5,20260904,50
337909N1180459W001,33.790900,-118.045900,403175.317158,3739463.314342,1,DWR_OCWD_WELL_MASTER authoritative DWR periodic coordinates,EPSG:4269 NAD83,EPSG:26911 NAD83 / UTM zone 11N,easting_m|northing_m,5,20260904,50
337910N1178268W001,33.791030,-117.826770,423462.108499,3739293.328167,5,DWR_OCWD_WELL_MASTER authoritative DWR periodic coordinates,EPSG:4269 NAD83,EPSG:26911 NAD83 / UTM zone 11N,easting_m|northing_m,5,20260904,50
337932N1180795W001,33.793200,-118.079500,400067.314816,3739750.434473,1,DWR_OCWD_WELL_MASTER authoritative DWR periodic coordinates,EPSG:4269 NAD83,EPSG:26911 NAD83 / UTM zone 11N,easting_m|northing_m,5,20260904,50
337939N1180548W001,33.793900,-118.054800,402354.766254,3739804.360550,1,DWR_OCWD_WELL_MASTER authoritative DWR periodic coordinates,EPSG:4269 NAD83,EPSG:26911 NAD83 / UTM zone 11N,easting_m|northing_m,5,20260904,50
337959N1180672W001,33.795910,-118.067250,401204.499905,3740039.105759,1,DWR_OCWD_WELL_MASTER authoritative DWR periodic coordinates,EPSG:4269 NAD83,EPSG:26911 NAD83 / UTM zone 11N,easting_m|northing_m,5,20260904,50
337959N1180672W002,33.795910,-118.067250,401204.499905,3740039.105759,1,DWR_OCWD_WELL_MASTER authoritative DWR periodic coordinates,EPSG:4269 NAD83,EPSG:26911 NAD83 / UTM zone 11N,easting_m|northing_m,5,20260904,50
337959N1180672W003,33.795910,-118.067250,401204.499905,3740039.105759,1,DWR_OCWD_WELL_MASTER authoritative DWR periodic coordinates,EPSG:4269 NAD83,EPSG:26911 NAD83 / UTM zone 11N,easting_m|northing_m,5,20260904,50
337995N1178787W001,33.799510,-117.878660,418666.293683,3740273.350402,3,DWR_OCWD_WELL_MASTER authoritative DWR periodic coordinates,EPSG:4269 NAD83,EPSG:26911 NAD83 / UTM zone 11N,easting_m|northing_m,5,20260904,50
337995N1178787W002,33.799510,-117.878660,418666.293683,3740273.350402,3,DWR_OCWD_WELL_MASTER authoritative DWR periodic coordinates,EPSG:4269 NAD83,EPSG:26911 NAD83 / UTM zone 11N,easting_m|northing_m,5,20260904,50
337995N1178787W003,33.799510,-117.878660,418666.293683,3740273.350402,3,DWR_OCWD_WELL_MASTER authoritative DWR periodic coordinates,EPSG:4269 NAD83,EPSG:26911 NAD83 / UTM zone 11N,easting_m|northing_m,5,20260904,50
338005N1179110W001,33.800500,-117.911000,415673.597382,3740409.132410,3,DWR_OCWD_WELL_MASTER authoritative DWR periodic coordinates,EPSG:4269 NAD83,EPSG:26911 NAD83 / UTM zone 11N,easting_m|northing_m,5,20260904,50
338031N1179185W001,33.803100,-117.918500,414981.910959,3740703.586840,3,DWR_OCWD_WELL_MASTER authoritative DWR periodic coordinates,EPSG:4269 NAD83,EPSG:26911 NAD83 / UTM zone 11N,easting_m|northing_m,5,20260904,50
338045N1179568W001,33.804500,-117.956800,411438.109156,3740891.100218,3,DWR_OCWD_WELL_MASTER authoritative DWR periodic coordinates,EPSG:4269 NAD83,EPSG:26911 NAD83 / UTM zone 11N,easting_m|northing_m,5,20260904,50
338047N1178086W001,33.804680,-117.808580,425157.965759,3740793.454469,5,DWR_OCWD_WELL_MASTER authoritative DWR periodic coordinates,EPSG:4269 NAD83,EPSG:26911 NAD83 / UTM zone 11N,easting_m|northing_m,5,20260904,50
338047N1178086W002,33.804680,-117.808580,425157.965759,3740793.454469,5,DWR_OCWD_WELL_MASTER authoritative DWR periodic coordinates,EPSG:4269 NAD83,EPSG:26911 NAD83 / UTM zone 11N,easting_m|northing_m,5,20260904,50
338069N1180542W001,33.806900,-118.054200,402425.067836,3741245.253062,1,DWR_OCWD_WELL_MASTER authoritative DWR periodic coordinates,EPSG:4269 NAD83,EPSG:26911 NAD83 / UTM zone 11N,easting_m|northing_m,5,20260904,50
338086N1178174W001,33.808600,-117.817400,424345.017129,3741234.545063,5,DWR_OCWD_WELL_MASTER authoritative DWR periodic coordinates,EPSG:4269 NAD83,EPSG:26911 NAD83 / UTM zone 11N,easting_m|northing_m,5,20260904,50
338111N1179107W001,33.811100,-117.910700,415711.762561,3741584.213681,3,DWR_OCWD_WELL_MASTER authoritative DWR periodic coordinates,EPSG:4269 NAD83,EPSG:26911 NAD83 / UTM zone 11N,easting_m|northing_m,5,20260904,50
338132N1178591W001,33.813200,-117.859100,420489.594339,3741776.012454,3,DWR_OCWD_WELL_MASTER authoritative DWR periodic coordinates,EPSG:4269 NAD83,EPSG:26911 NAD83 / UTM zone 11N,easting_m|northing_m,5,20260904,50
338145N1179222W001,33.814500,-117.922200,414650.742157,3741970.680756,3,DWR_OCWD_WELL_MASTER authoritative DWR periodic coordinates,EPSG:4269 NAD83,EPSG:26911 NAD83 / UTM zone 11N,easting_m|northing_m,5,20260904,50
338146N1180089W001,33.814600,-118.008900,406626.494340,3742057.030535,1,DWR_OCWD_WELL_MASTER authoritative DWR periodic coordinates,EPSG:4269 NAD83,EPSG:26911 NAD83 / UTM zone 11N,easting_m|northing_m,5,20260904,50
338150N1178858W001,33.815000,-117.885800,418020.130405,3741996.537682,3,DWR_OCWD_WELL_MASTER authoritative DWR periodic coordinates,EPSG:4269 NAD83,EPSG:26911 NAD83 / UTM zone 11N,easting_m|northing_m,5,20260904,50
338154N1180633W001,33.815400,-118.063300,401592.484658,3742196.410805,1,DWR_OCWD_WELL_MASTER authoritative DWR periodic coordinates,EPSG:4269 NAD83,EPSG:26911 NAD83 / UTM zone 11N,easting_m|northing_m,5,20260904,50
338157N1177881W001,33.815700,-117.788100,427062.990463,3742000.640327,5,DWR_OCWD_WELL_MASTER authoritative DWR periodic coordinates,EPSG:4269 NAD83,EPSG:26911 NAD83 / UTM zone 11N,easting_m|northing_m,5,20260904,50
338161N1180207W001,33.816100,-118.020700,405536.011593,3742234.118577,1,DWR_OCWD_WELL_MASTER authoritative DWR periodic coordinates,EPSG:4269 NAD83,EPSG:26911 NAD83 / UTM zone 11N,easting_m|northing_m,5,20260904,50
338164N1178699W001,33.816400,-117.869900,419493.014398,3742139.220700,3,DWR_OCWD_WELL_MASTER authoritative DWR periodic coordinates,EPSG:4269 NAD83,EPSG:26911 NAD83 / UTM zone 11N,easting_m|northing_m,5,20260904,50
338170N1179764W001,33.817000,-117.976400,409637.000902,3742294.140250,3,DWR_OCWD_WELL_MASTER authoritative DWR periodic coordinates,EPSG:4269 NAD83,EPSG:26911 NAD83 / UTM zone 11N,easting_m|northing_m,5,20260904,50
338190N1180375W001,33.819000,-118.037500,403984.377459,3742571.219608,1,DWR_OCWD_WELL_MASTER authoritative DWR periodic coordinates,EPSG:4269 NAD83,EPSG:26911 NAD83 / UTM zone 11N,easting_m|northing_m,5,20260904,50
338205N1180164W001,33.820540,-118.016350,405943.473627,3742722.448704,1,DWR_OCWD_WELL_MASTER authoritative DWR periodic coordinates,EPSG:4269 NAD83,EPSG:26911 NAD83 / UTM zone 11N,easting_m|northing_m,5,20260904,50
338205N1180164W002,33.820540,-118.016350,405943.473627,3742722.448704,1,DWR_OCWD_WELL_MASTER authoritative DWR periodic coordinates,EPSG:4269 NAD83,EPSG:26911 NAD83 / UTM zone 11N,easting_m|northing_m,5,20260904,50
338205N1180164W003,33.820540,-118.016350,405943.473627,3742722.448704,1,DWR_OCWD_WELL_MASTER authoritative DWR periodic coordinates,EPSG:4269 NAD83,EPSG:26911 NAD83 / UTM zone 11N,easting_m|northing_m,5,20260904,50
338229N1179374W001,33.822940,-117.937390,413253.387911,3742919.209231,3,DWR_OCWD_WELL_MASTER authoritative DWR periodic coordinates,EPSG:4269 NAD83,EPSG:26911 NAD83 / UTM zone 11N,easting_m|northing_m,5,20260904,50
338229N1179374W002,33.822940,-117.937390,413253.387911,3742919.209231,3,DWR_OCWD_WELL_MASTER authoritative DWR periodic coordinates,EPSG:4269 NAD83,EPSG:26911 NAD83 / UTM zone 11N,easting_m|northing_m,5,20260904,50
338229N1179374W003,33.822940,-117.937390,413253.387911,3742919.209231,3,DWR_OCWD_WELL_MASTER authoritative DWR periodic coordinates,EPSG:4269 NAD83,EPSG:26911 NAD83 / UTM zone 11N,easting_m|northing_m,5,20260904,50
338234N1179433W001,33.823400,-117.943300,412706.921670,3742975.211240,3,DWR_OCWD_WELL_MASTER authoritative DWR periodic coordinates,EPSG:4269 NAD83,EPSG:26911 NAD83 / UTM zone 11N,easting_m|northing_m,5,20260904,50
338241N1180222W001,33.824100,-118.022200,405405.992901,3743122.548457,1,DWR_OCWD_WELL_MASTER authoritative DWR periodic coordinates,EPSG:4269 NAD83,EPSG:26911 NAD83 / UTM zone 11N,easting_m|northing_m,5,20260904,50
338243N1179956W001,33.824300,-117.995600,407867.857781,3743120.593695,1,DWR_OCWD_WELL_MASTER authoritative DWR periodic coordinates,EPSG:4269 NAD83,EPSG:26911 NAD83 / UTM zone 11N,easting_m|northing_m,5,20260904,50
338250N1179465W001,33.825000,-117.946500,412412.414553,3743155.339023,3,DWR_OCWD_WELL_MASTER authoritative DWR periodic coordinates,EPSG:4269 NAD83,EPSG:26911 NAD83 / UTM zone 11N,easting_m|northing_m,5,20260904,50
338285N1179436W001,33.828500,-117.943600,412684.343455,3743540.957013,3,DWR_OCWD_WELL_MASTER authoritative DWR periodic coordinates,EPSG:4269 NAD83,EPSG:26911 NAD83 / UTM zone 11N,easting_m|northing_m,5,20260904,50
338285N1179891W001,33.828500,-117.989100,408473.862139,3743580.494889,1,DWR_OCWD_WELL_MASTER authoritative DWR periodic coordinates,EPSG:4269 NAD83,EPSG:26911 NAD83 / UTM zone 11N,easting_m|northing_m,5,20260904,50
338320N1180539W001,33.832000,-118.053900,402481.332699,3744028.105910,1,DWR_OCWD_WELL_MASTER authoritative DWR periodic coordinates,EPSG:4269 NAD83,EPSG:26911 NAD83 / UTM zone 11N,easting_m|northing_m,5,20260904,50
338321N1180198W001,33.832100,-118.019800,405636.887478,3744007.398298,1,DWR_OCWD_WELL_MASTER authoritative DWR periodic coordinates,EPSG:4269 NAD83,EPSG:26911 NAD83 / UTM zone 11N,easting_m|northing_m,5,20260904,50
338323N1180540W001,33.832300,-118.054000,402472.419913,3744061.465345,1,DWR_OCWD_WELL_MASTER authoritative DWR periodic coordinates,EPSG:4269 NAD83,EPSG:26911 NAD83 / UTM zone 11N,easting_m|northing_m,5,20260904,50
338325N1179815W001,33.832500,-117.981500,409181.383216,3744017.285996,3,DWR_OCWD_WELL_MASTER authoritative DWR periodic coordinates,EPSG:4269 NAD83,EPSG:26911 NAD83 / UTM zone 11N,easting_m|northing_m,5,20260904,50
338327N1178668W001,33.832690,-117.866790,419796.057086,3743943.023408,3,DWR_OCWD_WELL_MASTER authoritative DWR periodic coordinates,EPSG:4269 NAD83,EPSG:26911 NAD83 / UTM zone 11N,easting_m|northing_m,5,20260904,50
338327N1178668W002,33.832690,-117.866790,419796.057086,3743943.023408,3,DWR_OCWD_WELL_MASTER authoritative DWR periodic coordinates,EPSG:4269 NAD83,EPSG:26911 NAD83 / UTM zone 11N,easting_m|northing_m,5,20260904,50
338327N1178668W003,33.832690,-117.866790,419796.057086,3743943.023408,3,DWR_OCWD_WELL_MASTER authoritative DWR periodic coordinates,EPSG:4269 NAD83,EPSG:26911 NAD83 / UTM zone 11N,easting_m|northing_m,5,20260904,50
338349N1180575W001,33.834900,-118.057500,402151.510637,3744353.082220,1,DWR_OCWD_WELL_MASTER authoritative DWR periodic coordinates,EPSG:4269 NAD83,EPSG:26911 NAD83 / UTM zone 11N,easting_m|northing_m,5,20260904,50
338353N1178612W001,33.835300,-117.861200,420315.736017,3744228.076606,3,DWR_OCWD_WELL_MASTER authoritative DWR periodic coordinates,EPSG:4269 NAD83,EPSG:26911 NAD83 / UTM zone 11N,easting_m|northing_m,5,20260904,50
338366N1179547W001,33.836600,-117.954700,411665.506060,3744448.566040,3,DWR_OCWD_WELL_MASTER authoritative DWR periodic coordinates,EPSG:4269 NAD83,EPSG:26911 NAD83 / UTM zone 11N,easting_m|northing_m,5,20260904,50
338372N1179688W001,33.837200,-117.968800,410361.469785,3744527.290204,3,DWR_OCWD_WELL_MASTER authoritative DWR periodic coordinates,EPSG:4269 NAD83,EPSG:26911 NAD83 / UTM zone 11N,easting_m|northing_m,5,20260904,50
338381N1179479W001,33.838100,-117.947900,412296.236713,3744609.069802,3,DWR_OCWD_WELL_MASTER authoritative DWR periodic coordinates,EPSG:4269 NAD83,EPSG:26911 NAD83 / UTM zone 11N,easting_m|northing_m,5,20260904,50
338443N1178714W001,33.844300,-117.871400,419380.385175,3745233.943268,3,DWR_OCWD_WELL_MASTER authoritative DWR periodic coordinates,EPSG:4269 NAD83,EPSG:26911 NAD83 / UTM zone 11N,easting_m|northing_m,5,20260904,50
338451N1179506W001,33.845100,-117.950600,412053.584504,3745387.541819,3,DWR_OCWD_WELL_MASTER authoritative DWR periodic coordinates,EPSG:4269 NAD83,EPSG:26911 NAD83 / UTM zone 11N,easting_m|northing_m,5,20260904,50
338469N1179285W001,33.846900,-117.928500,414100.075417,3745568.451457,3,DWR_OCWD_WELL_MASTER authoritative DWR periodic coordinates,EPSG:4269 NAD83,EPSG:26911 NAD83 / UTM zone 11N,easting_m|northing_m,5,20260904,50
338482N1179250W001,33.848200,-117.925000,414425.184035,3745709.679014,3,DWR_OCWD_WELL_MASTER authoritative DWR periodic coordinates,EPSG:4269 NAD83,EPSG:26911 NAD83 / UTM zone 11N,easting_m|northing_m,5,20260904,50
338488N1179110W001,33.848750,-117.911020,415719.102353,3745759.119838,3,DWR_OCWD_WELL_MASTER authoritative DWR periodic coordinates,EPSG:4269 NAD83,EPSG:26911 NAD83 / UTM zone 11N,easting_m|northing_m,5,20260904,50
338488N1179110W002,33.848750,-117.911020,415719.102353,3745759.119838,3,DWR_OCWD_WELL_MASTER authoritative DWR periodic coordinates,EPSG:4269 NAD83,EPSG:26911 NAD83 / UTM zone 11N,easting_m|northing_m,5,20260904,50
338490N1179163W001,33.849000,-117.916300,415230.866486,3745791.179177,3,DWR_OCWD_WELL_MASTER authoritative DWR periodic coordinates,EPSG:4269 NAD83,EPSG:26911 NAD83 / UTM zone 11N,easting_m|northing_m,5,20260904,50
338490N1179166W001,33.849000,-117.916600,415203.111853,3745791.426474,3,DWR_OCWD_WELL_MASTER authoritative DWR periodic coordinates,EPSG:4269 NAD83,EPSG:26911 NAD83 / UTM zone 11N,easting_m|northing_m,5,20260904,50
338509N1178069W001,33.850900,-117.806900,425353.651721,3745917.067932,5,DWR_OCWD_WELL_MASTER authoritative DWR periodic coordinates,EPSG:4269 NAD83,EPSG:26911 NAD83 / UTM zone 11N,easting_m|northing_m,5,20260904,50
338509N1178361W001,33.850910,-117.836120,422650.445342,3745939.768207,5,DWR_OCWD_WELL_MASTER authoritative DWR periodic coordinates,EPSG:4269 NAD83,EPSG:26911 NAD83 / UTM zone 11N,easting_m|northing_m,5,20260904,50
338509N1178361W002,33.850910,-117.836120,422650.445342,3745939.768207,5,DWR_OCWD_WELL_MASTER authoritative DWR periodic coordinates,EPSG:4269 NAD83,EPSG:26911 NAD83 / UTM zone 11N,easting_m|northing_m,5,20260904,50
338511N1180333W001,33.851100,-118.033300,404408.828748,3746126.620221,1,DWR_OCWD_WELL_MASTER authoritative DWR periodic coordinates,EPSG:4269 NAD83,EPSG:26911 NAD83 / UTM zone 11N,easting_m|northing_m,5,20260904,50
338517N1179774W001,33.851700,-117.977400,409580.999222,3746142.596572,3,DWR_OCWD_WELL_MASTER authoritative DWR periodic coordinates,EPSG:4269 NAD83,EPSG:26911 NAD83 / UTM zone 11N,easting_m|northing_m,5,20260904,50
338518N1179152W001,33.851800,-117.915200,415335.396081,3746100.739160,3,DWR_OCWD_WELL_MASTER authoritative DWR periodic coordinates,EPSG:4269 NAD83,EPSG:26911 NAD83 / UTM zone 11N,easting_m|northing_m,5,20260904,50
338543N1178361W001,33.854300,-117.836100,422655.351359,3746315.635941,5,DWR_OCWD_WELL_MASTER authoritative DWR periodic coordinates,EPSG:4269 NAD83,EPSG:26911 NAD83 / UTM zone 11N,easting_m|northing_m,5,20260904,50
338550N1178048W001,33.855000,-117.804800,425551.485103,3746370.151921,5,DWR_OCWD_WELL_MASTER authoritative DWR periodic coordinates,EPSG:4269 NAD83,EPSG:26911 NAD83 / UTM zone 11N,easting_m|northing_m,5,20260904,50
338552N1178566W001,33.855210,-117.856560,420763.456366,3746432.112966,5,DWR_OCWD_WELL_MASTER authoritative DWR periodic coordinates,EPSG:4269 NAD83,EPSG:26911 NAD83 / UTM zone 11N,easting_m|northing_m,5,20260904,50
338552N1178566W002,33.855210,-117.856560,420763.456366,3746432.112966,5,DWR_OCWD_WELL_MASTER authoritative DWR periodic coordinates,EPSG:4269 NAD83,EPSG:26911 NAD83 / UTM zone 11N,easting_m|northing_m,5,20260904,50
338552N1178566W003,33.855210,-117.856560,420763.456366,3746432.112966,5,DWR_OCWD_WELL_MASTER authoritative DWR periodic coordinates,EPSG:4269 NAD83,EPSG:26911 NAD83 / UTM zone 11N,easting_m|northing_m,5,20260904,50
338556N1180264W001,33.855580,-118.026440,405048.435315,3746617.017254,1,DWR_OCWD_WELL_MASTER authoritative DWR periodic coordinates,EPSG:4269 NAD83,EPSG:26911 NAD83 / UTM zone 11N,easting_m|northing_m,5,20260904,50
338556N1180264W002,33.855580,-118.026440,405048.435315,3746617.017254,1,DWR_OCWD_WELL_MASTER authoritative DWR periodic coordinates,EPSG:4269 NAD83,EPSG:26911 NAD83 / UTM zone 11N,easting_m|northing_m,5,20260904,50
338556N1180264W003,33.855580,-118.026440,405048.435315,3746617.017254,1,DWR_OCWD_WELL_MASTER authoritative DWR periodic coordinates,EPSG:4269 NAD83,EPSG:26911 NAD83 / UTM zone 11N,easting_m|northing_m,5,20260904,50
338560N1177752W001,33.856000,-117.775200,428290.552079,3746459.996814,5,DWR_OCWD_WELL_MASTER authoritative DWR periodic coordinates,EPSG:4269 NAD83,EPSG:26911 NAD83 / UTM zone 11N,easting_m|northing_m,5,20260904,50
338586N1179851W001,33.858600,-117.985100,408875.976534,3746914.476601,3,DWR_OCWD_WELL_MASTER authoritative DWR periodic coordinates,EPSG:4269 NAD83,EPSG:26911 NAD83 / UTM zone 11N,easting_m|northing_m,5,20260904,50
338614N1178482W001,33.861400,-117.848200,421542.485688,3747112.050809,5,DWR_OCWD_WELL_MASTER authoritative DWR periodic coordinates,EPSG:4269 NAD83,EPSG:26911 NAD83 / UTM zone 11N,easting_m|northing_m,5,20260904,50
338628N1179046W001,33.862800,-117.904600,416326.756423,3747311.751451,3,DWR_OCWD_WELL_MASTER authoritative DWR periodic coordinates,EPSG:4269 NAD83,EPSG:26911 NAD83 / UTM zone 11N,easting_m|northing_m,5,20260904,50
338629N1178426W001,33.862900,-117.842600,422061.856465,3747274.111978,5,DWR_OCWD_WELL_MASTER authoritative DWR periodic coordinates,EPSG:4269 NAD83,EPSG:26911 NAD83 / UTM zone 11N,easting_m|northing_m,5,20260904,50
338637N1178016W001,33.863700,-117.801600,425855.030348,3747332.492700,5,DWR_OCWD_WELL_MASTER authoritative DWR periodic coordinates,EPSG:4269 NAD83,EPSG:26911 NAD83 / UTM zone 11N,easting_m|northing_m,5,20260904,50
338638N1178430W001,33.863800,-117.843000,422025.674755,3747374.207388,5,DWR_OCWD_WELL_MASTER authoritative DWR periodic coordinates,EPSG:4269 NAD83,EPSG:26911 NAD83 / UTM zone 11N,easting_m|northing_m,5,20260904,50
338642N1178978W001,33.864160,-117.897840,416953.376029,3747457.068398,3,DWR_OCWD_WELL_MASTER authoritative DWR periodic coordinates,EPSG:4269 NAD83,EPSG:26911 NAD83 / UTM zone 11N,easting_m|northing_m,5,20260904,50
338642N1178978W002,33.864160,-117.897840,416953.376029,3747457.068398,3,DWR_OCWD_WELL_MASTER authoritative DWR periodic coordinates,EPSG:4269 NAD83,EPSG:26911 NAD83 / UTM zone 11N,easting_m|northing_m,5,20260904,50
338642N1178978W003,33.864160,-117.897840,416953.376029,3747457.068398,3,DWR_OCWD_WELL_MASTER authoritative DWR periodic coordinates,EPSG:4269 NAD83,EPSG:26911 NAD83 / UTM zone 11N,easting_m|northing_m,5,20260904,50
338642N1178979W001,33.864200,-117.897900,416947.864828,3747461.552096,3,DWR_OCWD_WELL_MASTER authoritative DWR periodic coordinates,EPSG:4269 NAD83,EPSG:26911 NAD83 / UTM zone 11N,easting_m|northing_m,5,20260904,50
338649N1178024W001,33.864910,-117.802350,425786.703436,3747467.198281,5,DWR_OCWD_WELL_MASTER authoritative DWR periodic coordinates,EPSG:4269 NAD83,EPSG:26911 NAD83 / UTM zone 11N,easting_m|northing_m,5,20260904,50
338650N1178151W001,33.865000,-117.815100,424607.442194,3747486.454013,5,DWR_OCWD_WELL_MASTER authoritative DWR periodic coordinates,EPSG:4269 NAD83,EPSG:26911 NAD83 / UTM zone 11N,easting_m|northing_m,5,20260904,50
338660N1177636W001,33.866000,-117.763600,429371.862236,3747560.761221,5,DWR_OCWD_WELL_MASTER authoritative DWR periodic coordinates,EPSG:4269 NAD83,EPSG:26911 NAD83 / UTM zone 11N,easting_m|northing_m,5,20260904,50
338664N1178426W001,33.866400,-117.842600,422065.036918,3747662.192529,5,DWR_OCWD_WELL_MASTER authoritative DWR periodic coordinates,EPSG:4269 NAD83,EPSG:26911 NAD83 / UTM zone 11N,easting_m|northing_m,5,20260904,50
338687N1177945W001,33.868700,-117.794500,426516.053924,3747881.793612,5,DWR_OCWD_WELL_MASTER authoritative DWR periodic coordinates,EPSG:4269 NAD83,EPSG:26911 NAD83 / UTM zone 11N,easting_m|northing_m,5,20260904,50
338689N1177095W001,33.868900,-117.709500,434378.088264,3747846.461231,5,DWR_OCWD_WELL_MASTER authoritative DWR periodic coordinates,EPSG:4269 NAD83,EPSG:26911 NAD83 / UTM zone 11N,easting_m|northing_m,5,20260904,50
338715N1177476W001,33.871500,-117.747600,430856.227525,3748159.720652,5,DWR_OCWD_WELL_MASTER authoritative DWR periodic coordinates,EPSG:4269 NAD83,EPSG:26911 NAD83 / UTM zone 11N,easting_m|northing_m,5,20260904,50
338715N1177943W001,33.871500,-117.794300,426536.951363,3748192.113950,5,DWR_OCWD_WELL_MASTER authoritative DWR periodic coordinates,EPSG:4269 NAD83,EPSG:26911 NAD83 / UTM zone 11N,easting_m|northing_m,5,20260904,50
338715N1179765W001,33.871480,-117.976460,409688.790299,3748335.010064,3,DWR_OCWD_WELL_MASTER authoritative DWR periodic coordinates,EPSG:4269 NAD83,EPSG:26911 NAD83 / UTM zone 11N,easting_m|northing_m,5,20260904,50
338739N1180037W001,33.873900,-118.003700,407171.929746,3748627.612039,3,DWR_OCWD_WELL_MASTER authoritative DWR periodic coordinates,EPSG:4269 NAD83,EPSG:26911 NAD83 / UTM zone 11N,easting_m|northing_m,5,20260904,50
338753N1176971W001,33.875300,-117.697100,435529.802762,3748548.239782,5,DWR_OCWD_WELL_MASTER authoritative DWR periodic coordinates,EPSG:4269 NAD83,EPSG:26911 NAD83 / UTM zone 11N,easting_m|northing_m,5,20260904,50
338757N1176952W001,33.875700,-117.695200,435705.824540,3748591.401234,5,DWR_OCWD_WELL_MASTER authoritative DWR periodic coordinates,EPSG:4269 NAD83,EPSG:26911 NAD83 / UTM zone 11N,easting_m|northing_m,5,20260904,50
338764N1176943W001,33.876400,-117.694300,435789.585063,3748668.453854,5,DWR_OCWD_WELL_MASTER authoritative DWR periodic coordinates,EPSG:4269 NAD83,EPSG:26911 NAD83 / UTM zone 11N,easting_m|northing_m,5,20260904,50
338774N1176944W001,33.877400,-117.694400,435781.085754,3748779.395235,5,DWR_OCWD_WELL_MASTER authoritative DWR periodic coordinates,EPSG:4269 NAD83,EPSG:26911 NAD83 / UTM zone 11N,easting_m|northing_m,5,20260904,50
338882N1179587W001,33.888200,-117.958700,411348.737538,3750173.491315,3,DWR_OCWD_WELL_MASTER authoritative DWR periodic coordinates,EPSG:4269 NAD83,EPSG:26911 NAD83 / UTM zone 11N,easting_m|northing_m,5,20260904,50
338942N1178371W001,33.894200,-117.837100,422598.871886,3750740.511149,5,DWR_OCWD_WELL_MASTER authoritative DWR periodic coordinates,EPSG:4269 NAD83,EPSG:26911 NAD83 / UTM zone 11N,easting_m|northing_m,5,20260904,50
338949N1178365W001,33.894900,-117.836500,422654.983419,3750817.675691,5,DWR_OCWD_WELL_MASTER authoritative DWR periodic coordinates,EPSG:4269 NAD83,EPSG:26911 NAD83 / UTM zone 11N,easting_m|northing_m,5,20260904,50
338950N1178370W001,33.895000,-117.837000,422608.841172,3750829.140312,5,DWR_OCWD_WELL_MASTER authoritative DWR periodic coordinates,EPSG:4269 NAD83,EPSG:26911 NAD83 / UTM zone 11N,easting_m|northing_m,5,20260904,50
338950N1178554W001,33.891360,-117.854550,420982.720837,3750438.893989,5,DWR_OCWD_WELL_MASTER authoritative DWR periodic coordinates,EPSG:4269 NAD83,EPSG:26911 NAD83 / UTM zone 11N,easting_m|northing_m,5,20260904,50
338970N1179254W001,33.897020,-117.925400,414436.910966,3751123.234126,3,DWR_OCWD_WELL_MASTER authoritative DWR periodic coordinates,EPSG:4269 NAD83,EPSG:26911 NAD83 / UTM zone 11N,easting_m|northing_m,5,20260904,50
339164N1179704W001,33.916400,-117.970400,410296.338209,3753310.529153,3,DWR_OCWD_WELL_MASTER authoritative DWR periodic coordinates,EPSG:4269 NAD83,EPSG:26911 NAD83 / UTM zone 11N,easting_m|northing_m,5,20260904,50
339209N1179218W001,33.920900,-117.921800,414793.547783,3753768.099622,3,DWR_OCWD_WELL_MASTER authoritative DWR periodic coordinates,EPSG:4269 NAD83,EPSG:26911 NAD83 / UTM zone 11N,easting_m|northing_m,5,20260904,50
339268N1179326W001,33.926800,-117.932600,413801.161314,3754431.321194,3,DWR_OCWD_WELL_MASTER authoritative DWR periodic coordinates,EPSG:4269 NAD83,EPSG:26911 NAD83 / UTM zone 11N,easting_m|northing_m,5,20260904,50
339294N1179481W002,33.929400,-117.948100,412371.132873,3754732.740592,3,DWR_OCWD_WELL_MASTER authoritative DWR periodic coordinates,EPSG:4269 NAD83,EPSG:26911 NAD83 / UTM zone 11N,easting_m|northing_m,5,20260904,50
339297N1179071W001,33.929700,-117.907100,416161.006234,3754731.757243,3,DWR_OCWD_WELL_MASTER authoritative DWR periodic coordinates,EPSG:4269 NAD83,EPSG:26911 NAD83 / UTM zone 11N,easting_m|northing_m,5,20260904,50
