path,bytes,sha256
README.md,845,3d48e649f34cc53064ec89937edea9edab19cf40a11161bfb0b3c02d99a35205
config/GW1B_PROTOCOL_AMENDMENT_20260904.yaml,3515,6bf11f959dfea07fc334349a793f43839f4d5cba1ce88468a297fbaaad4ed1ff
outputs/FINAL_GW1B_REPORT.md,1372,f5d892aae611a7e1ad950764e3c5984064eafe28c7da76c4da2511e3cf79d41a
outputs/FINAL_GW1B_STATUS.json,1444,667c3eb376266ec2ede5d28c9e09fb1c10af70fdb111521141d25ff88793b08f
outputs/protocol/GW1B_PROTOCOL_AMENDMENT_20260904.md,3269,44793fbe4d6544b8181f82bb7ea0bb36420f8358651ab828c62066288e0c6215
outputs/provenance/TEST_RESULTS.json,256,6e8b5637300deea2616d5acd5a4f2ac7585d5614bb90483631df045e5a8d531a
outputs/provenance/WRMS_AVAILABILITY_CHECK.json,772,14e0594586fc07c97a57a4bda51ddbc4f897ffac83cfdc0b261514af5383cb05
scripts/finalize_waiting.py,1460,8cabeb8ccb03923434c5a6b857224cd6e5da4e792fa8d624e6e23e6fe25911fa
tests/test_waiting_guards.py,2519,8e032fb41c05fbd2efb0552d2d1ff12305d63691cdab0d37d84039213203203e
