profile_id,dataset,request_rate,num_prompts,duration_s,mean_compute_W,max_compute_W,energy_compute_Wh,peak_to_mean
online_rate_000000,likaixin/InstructCoder,1.0,300.0,179.954,2069.548984858596,2097.8313451129843,103.45100500590107,1.0136659535296384
online_rate_000001,likaixin/InstructCoder,2.0,600.0,179.846,2085.32547799614,2118.5235411018093,104.17706830991493,1.0159198472641167
online_rate_000002,likaixin/InstructCoder,3.0,900.0,179.943,2088.905829384336,2140.690436477556,104.41221712691821,1.0247903023510077
online_rate_000003,likaixin/InstructCoder,4.0,1200.0,179.858,2090.571123836625,2163.1576881088445,104.4460947752799,1.0347209255138894
online_rate_000004,likaixin/InstructCoder,5.0,1500.0,179.988,2091.841938762442,2133.0236601790784,104.58512413165957,1.0196868227247609
online_rate_000005,likaixin/InstructCoder,6.0,1800.0,179.842,2106.71909593539,2160.371749744714,105.2434932364479,1.0254673980564561
online_rate_000006,likaixin/InstructCoder,7.0,2100.0,179.925,2212.594247222477,2273.1681280072994,110.58361664764006,1.0273768590245873
online_rate_000007,likaixin/InstructCoder,8.0,2400.0,179.924,2215.768588274716,2286.0676588602514,110.74165207687223,1.031726720451558
online_rate_000008,likaixin/InstructCoder,9.0,2700.0,179.925,2227.604799740865,2301.560204433025,111.33383155371533,1.0331995175718616
online_rate_000009,likaixin/InstructCoder,10.0,3000.0,179.885,2256.796927428762,2337.388521566608,112.76775424736746,1.0357106096513815
online_rate_000010,likaixin/InstructCoder,11.0,3300.0,179.879,2280.464267989332,2469.193434525118,113.94656446157028,1.0827590983050952
online_rate_000011,likaixin/InstructCoder,12.0,3600.0,179.871,2314.276070033014,2413.18245982391,115.63087527580785,1.0427375070207094
online_rate_000012,likaixin/InstructCoder,13.0,3900.0,179.946,2320.516247730672,2654.742638512669,115.99100464281766,1.1440310496032298
online_rate_000013,likaixin/InstructCoder,14.0,4200.0,179.89,2367.2485327562217,2443.1520792727183,118.29009404375464,1.0320640378338817
online_rate_000014,likaixin/InstructCoder,15.0,4500.0,179.883,2403.080458153748,2487.4959548233705,120.07592279279741,1.0351280359270525
online_rate_000015,likaixin/InstructCoder,16.0,4800.0,179.883,2436.697858973924,2497.897737190247,121.75570026827957,1.0251159075758756
online_rate_000016,likaixin/InstructCoder,17.0,5100.0,179.934,2473.372480004867,2557.165866095278,123.62327883810994,1.0338781913229043
online_rate_000017,likaixin/InstructCoder,18.0,5400.0,179.919,2506.503254393894,2581.1225224354603,125.26876639647087,1.029770265771951
online_rate_000018,likaixin/InstructCoder,19.0,5700.0,179.879,2547.1366811642224,2626.3960460262624,127.27122196420532,1.0311170442670603
online_rate_000019,likaixin/InstructCoder,20.0,6000.0,179.871,2575.040032566796,2646.9412523744127,128.65972936050616,1.0279223697100917
online_rate_000020,likaixin/InstructCoder,21.0,6300.0,179.953,2599.055468572684,2662.968730139145,129.91884131557228,1.0245909571147245
online_rate_000021,likaixin/InstructCoder,22.0,6600.0,179.866,2632.2323972042245,2694.937572942341,131.51364232098197,1.0238220515045395
online_rate_000022,likaixin/InstructCoder,23.0,6900.0,179.904,2662.684984437354,2749.223655119959,133.06324428894936,1.0325005290480846
online_rate_000023,likaixin/InstructCoder,24.0,7200.0,179.905,2673.2976717346696,2853.3733161240098,133.59433823150715,1.067360865306291
online_rate_000024,likaixin/InstructCoder,25.0,7500.0,179.892,2693.9584906264267,2918.4176168219883,134.61710577660256,1.0833194449641903
online_rate_000025,likaixin/InstructCoder,26.0,7800.0,179.901,2747.332520194958,2823.087799397119,137.29107436544254,1.027574120950159
online_rate_000026,likaixin/InstructCoder,27.0,8100.0,179.9,2769.862707821216,2847.4892397016297,138.416194760288,1.0280254077796782
online_rate_000027,likaixin/InstructCoder,28.0,8400.0,179.863,2793.545049808404,2857.94069688617,139.57094258158028,1.0230515871158699
online_rate_000028,likaixin/InstructCoder,29.0,8700.0,179.964,2828.6620000373464,2892.0450039915654,141.40481338186694,1.0224074152208296
online_rate_000029,likaixin/InstructCoder,30.0,9000.0,179.864,2852.24232036989,2905.9079087158057,142.5043646419472,1.018815227571182
online_rate_000030,likaixin/InstructCoder,31.0,9300.0,179.867,2867.748370267782,2916.853014791907,143.2814711430431,1.0171230659681414
online_rate_000031,likaixin/InstructCoder,32.0,9600.0,179.903,2882.4852571977053,2922.2634556852627,144.04659589601076,1.013799965980131
online_rate_000032,likaixin/InstructCoder,33.0,9900.0,179.89,2886.5620979050705,2924.411710036602,144.2399043867064,1.0131123498638748
online_rate_000033,likaixin/InstructCoder,34.0,10200.0,179.899,2888.573989838216,2919.9278003466043,144.34765894386257,1.0108544252695926
online_rate_000034,likaixin/InstructCoder,35.0,10500.0,179.89,2885.067127736233,2925.7229751550376,144.16520155790857,1.0140918202657923
online_rate_000035,likaixin/InstructCoder,36.0,10800.0,179.907,2840.6138495313744,2911.6510565303333,141.9573099521225,1.0250076957875418
online_rate_000036,likaixin/InstructCoder,37.0,11100.0,179.852,2785.912259007784,3025.6842300120597,139.18108100196335,1.0860658731189443
online_rate_000037,likaixin/InstructCoder,38.0,11400.0,179.853,2817.38170134604,2882.5423268745944,140.7540419811637,1.02312807863323
online_rate_000038,likaixin/InstructCoder,39.0,11700.0,179.868,2831.6635799171577,2877.900874131868,141.47935133126092,1.0163286679048444
online_rate_000039,likaixin/InstructCoder,40.0,12000.0,179.872,2839.555970266272,2893.128745328594,141.87683652325973,1.018866602955989
online_rate_000040,likaixin/InstructCoder,41.0,12300.0,179.897,2826.790624486726,2967.984049358955,141.25865360369124,1.049948313698637
online_rate_000041,likaixin/InstructCoder,42.0,12600.0,179.899,2841.634576030864,2965.250688851509,142.00200516482678,1.043501762634557
online_rate_000042,likaixin/InstructCoder,43.0,12900.0,179.888,2854.775844955156,2937.4511994743234,142.64997699924808,1.028960366420806
online_rate_000043,likaixin/InstructCoder,44.0,13200.0,179.889,2858.180994910175,2950.457161411729,142.8209224981657,1.0322849276046124
online_rate_000044,likaixin/InstructCoder,45.0,13500.0,179.891,2863.988017051028,2957.914872884958,143.1126856598129,1.03279582710358
online_rate_000045,likaixin/InstructCoder,46.0,13800.0,179.858,2859.1896311171736,2937.9965205255367,142.84670240929796,1.0275626662011819
online_rate_000046,likaixin/InstructCoder,47.0,14100.0,179.854,2860.259846785958,2956.186714530695,142.89699291217823,1.0335378157521349
online_rate_000047,likaixin/InstructCoder,48.0,14400.0,179.955,2859.935735611851,2940.768159665609,142.96103758389742,1.028263720421139
online_rate_000048,likaixin/InstructCoder,49.0,14700.0,179.858,2848.8466151413395,2947.555251108965,142.32995958502528,1.0346486312892378
online_rate_000049,likaixin/InstructCoder,50.0,15000.0,179.893,2862.278419475295,2958.601786676057,143.02884769851923,1.0336526896004827
online_rate_000050,likaixin/InstructCoder,51.0,15300.0,179.892,2845.1114729962856,2952.047625675871,142.17022030562438,1.0375859271928518
online_rate_000051,likaixin/InstructCoder,52.0,15600.0,179.889,2827.313769588473,2936.2502108113586,141.27851297152802,1.0385300147421352
online_rate_000052,likaixin/InstructCoder,53.0,15900.0,179.893,2840.983829524358,2936.4242156025884,141.96475112350706,1.0335941321053592
online_rate_000053,likaixin/InstructCoder,54.0,16200.0,179.851,2836.301179592563,2926.698505149427,141.69766762525057,1.031871553771257
online_rate_000054,likaixin/InstructCoder,55.0,16500.0,179.961,2839.92933642983,2934.147479291644,141.96570092034688,1.033176227891733
online_rate_000055,likaixin/InstructCoder,56.0,16800.0,179.952,2839.0306095255546,2952.277072977585,141.9136767348174,1.0398891308434872
online_rate_000056,likaixin/InstructCoder,57.0,17100.0,179.876,2838.7187452252683,2968.8891069503024,141.8381591711501,1.0458553218574334
online_rate_000057,likaixin/InstructCoder,58.0,17400.0,179.965,2840.268482128086,2946.506773643622,141.98581038505029,1.0374043130725221
online_rate_000058,likaixin/InstructCoder,59.0,17700.0,179.908,2834.114660193943,2990.2370183142334,141.63330563504775,1.055086817874054
online_rate_000059,likaixin/InstructCoder,60.0,18000.0,179.817,2834.641135710948,2976.6502801549723,141.58796252781545,1.050097750524744
online_rate_000060,likaixin/InstructCoder,61.0,18300.0,179.924,2833.756220864681,3016.0726112971665,141.6279873007936,1.0643373586937743
online_rate_000061,likaixin/InstructCoder,62.0,18600.0,179.932,2835.581831956349,3000.224685837732,141.72553060765827,1.0580631643304723
online_rate_000062,likaixin/InstructCoder,63.0,18900.0,179.891,2827.0064622505856,2983.454701302488,141.2647276390889,1.0553406018489797
online_rate_000063,likaixin/InstructCoder,64.0,19200.0,179.863,2829.835113373625,2986.755018681989,141.3840647213112,1.0554519606343034
online_rate_000064,likaixin/InstructCoder,65.0,19500.0,179.962,2829.942805150164,3002.869216262626,141.46726863900938,1.0611059738726014
online_rate_000065,likaixin/InstructCoder,66.0,19800.0,179.966,2825.686150799253,2994.537064849161,141.257620504094,1.0597557212792894
online_rate_000066,likaixin/InstructCoder,67.0,20100.0,179.87,2838.503087768883,2999.68917209923,141.8226528880525,1.0567855941481614
online_rate_000067,likaixin/InstructCoder,68.0,20400.0,179.909,2827.128264215535,2975.948497348272,141.28494969076465,1.0526400712045625
online_rate_000068,likaixin/InstructCoder,69.0,20700.0,179.807,2833.367648656248,2989.877055085285,141.51648244498165,1.0552379450309821
online_rate_000069,likaixin/InstructCoder,70.0,21000.0,179.903,2832.102699725467,2971.9191468332697,141.52882555241965,1.049368424076343
online_rate_000070,likaixin/InstructCoder,71.0,21300.0,179.909,2830.872601862507,3002.9063207382023,141.47207192457827,1.060770561968246
online_rate_000071,likaixin/InstructCoder,72.0,21600.0,179.983,2831.228996367238,2998.770131319964,141.54808012587904,1.059176115802607
online_rate_000072,likaixin/InstructCoder,73.0,21900.0,179.966,2831.4579139185453,2993.4541958526074,141.5461541489625,1.0572130283617285
online_rate_000073,likaixin/InstructCoder,74.0,22200.0,179.953,2819.1018280788844,2998.3284799751355,140.91828646341096,1.0635757992531925
online_rate_000074,likaixin/InstructCoder,75.0,22500.0,179.959,2823.881269411438,2998.500428563332,141.16190260055916,1.0618365796902958
online_rate_000075,likaixin/InstructCoder,76.0,22800.0,179.856,2834.5124771274886,2996.615542391778,141.61224335728932,1.0571890462900928
online_rate_000076,likaixin/InstructCoder,77.0,23100.0,179.896,2837.6831876994183,3005.066248961424,141.80218187065958,1.0589858170170532
online_rate_000077,likaixin/InstructCoder,78.0,23400.0,179.817,2830.655650352477,3034.080486239406,141.38889085539762,1.0718649178898176
online_rate_000078,likaixin/InstructCoder,79.0,23700.0,179.909,2828.531189834049,2999.352076542013,141.3550605088483,1.0603920817001795
online_rate_000079,likaixin/InstructCoder,80.0,24000.0,179.906,2832.2646253469,3006.813319332974,141.5392776910165,1.0616286671887853
online_rate_000080,likaixin/InstructCoder,81.0,24300.0,179.964,2831.123440170642,3013.5518611311654,141.52786077413037,1.064436759758355
online_rate_000081,likaixin/InstructCoder,82.0,24600.0,179.864,2833.0329170125738,3015.55172877906,141.54462016265265,1.064425235114794
online_rate_000082,likaixin/InstructCoder,83.0,24900.0,179.856,2826.5724886428234,2994.641531557253,141.21556153259544,1.0594603689060627
online_rate_000083,likaixin/InstructCoder,84.0,25200.0,179.962,2834.402020692585,3000.795937347648,141.69018234663304,1.0587051220822952
online_rate_000084,likaixin/InstructCoder,85.0,25500.0,179.953,2828.3177545618587,2991.8270982268027,141.3789624685195,1.0578115183137453
online_rate_000085,likaixin/InstructCoder,86.0,25800.0,179.892,2815.3966951151965,2993.957904981656,140.68537285490638,1.06342310842954
online_rate_000086,likaixin/InstructCoder,87.0,26100.0,179.889,2823.6188942330714,3001.7394673506724,141.09388312908138,1.0630823704577812
online_rate_000087,likaixin/InstructCoder,88.0,26400.0,179.993,2822.449137553508,3001.82675808828,141.11696878213016,1.0635538894742513
online_rate_000088,likaixin/InstructCoder,89.0,26700.0,179.899,2810.895913182964,2992.453950089513,140.465934412695,1.0645908075268995
online_rate_000089,likaixin/InstructCoder,90.0,27000.0,179.869,2803.2320934609825,2990.976604544647,140.05959817187042,1.066974301386464
online_rate_000090,likaixin/InstructCoder,91.0,27300.0,179.887,2798.597910732919,3008.0768395007294,139.84205065778127,1.0748513846753178
online_rate_000091,likaixin/InstructCoder,92.0,27600.0,179.889,2802.9224608991262,2997.195831452088,140.05969960241194,1.0693110042332896
online_rate_000092,likaixin/InstructCoder,93.0,27900.0,179.905,2804.237689894717,2995.321982512229,140.13788377791917,1.0681412611014034
online_rate_000093,likaixin/InstructCoder,94.0,28200.0,179.857,2799.252853638624,2993.649299079612,139.85145013802278,1.0694458327293659
online_rate_000094,likaixin/InstructCoder,95.0,28500.0,179.899,2800.66957802064,2976.1032510297896,139.9549045600931,1.0626399038236907
online_rate_000095,likaixin/InstructCoder,96.0,28800.0,179.883,2814.5343572590937,3009.9691940796192,140.63524549634377,1.0694377158042043
online_rate_000096,likaixin/InstructCoder,97.0,29100.0,179.892,2816.956570943107,3004.25671359426,140.76331985002707,1.0664902485835788
online_rate_000097,likaixin/InstructCoder,98.0,29400.0,179.902,2788.253657016555,3002.3237737772906,139.3367803901645,1.0767756965805586
online_rate_000098,likaixin/InstructCoder,99.0,29700.0,179.891,2791.4814813324706,2993.01229735747,139.48955421066097,1.0721949321078073
online_rate_000099,likaixin/InstructCoder,100.0,30000.0,179.974,2792.5556431476025,2987.090304510742,139.6076136999574,1.0696618747205595
online_rate_000100,mgoin/mlperf-inference-llama2-data,1.0,300.0,179.97,2062.823790012028,2102.439555678736,103.1239993023513,1.0192046290422494
online_rate_000101,mgoin/mlperf-inference-llama2-data,2.0,600.0,179.878,2074.5106523972163,2104.28727273918,103.6552297588629,1.014353563481371
online_rate_000102,mgoin/mlperf-inference-llama2-data,3.0,900.0,179.892,2080.839833463386,2114.1647398455075,103.97956647816541,1.0160151232431256
online_rate_000103,mgoin/mlperf-inference-llama2-data,4.0,1200.0,179.907,2092.953924151493,2133.344248312138,104.59362823120074,1.0192982385778127
online_rate_000104,mgoin/mlperf-inference-llama2-data,5.0,1500.0,179.926,2097.8927796409907,2150.1503829193107,104.85151563046803,1.024909568203606
online_rate_000105,mgoin/mlperf-inference-llama2-data,6.0,1800.0,179.902,2112.018970228426,2158.424924296295,105.5434546616762,1.0219723187727097
online_rate_000106,mgoin/mlperf-inference-llama2-data,7.0,2100.0,179.89,2130.215412090707,2162.7354679864297,106.44568068916591,1.0152660879792461
online_rate_000107,mgoin/mlperf-inference-llama2-data,8.0,2400.0,179.854,2154.067882600987,2204.0829350456474,107.61603471036611,1.0232188840698317
online_rate_000108,mgoin/mlperf-inference-llama2-data,9.0,2700.0,179.954,2158.5825590942554,2231.233534051336,107.90154606645768,1.0336567969804986
online_rate_000109,mgoin/mlperf-inference-llama2-data,10.0,3000.0,179.854,2169.641624781556,2270.0582024618648,108.39409021762833,1.0462825641494682
online_rate_000110,mgoin/mlperf-inference-llama2-data,11.0,3300.0,179.962,2200.028540141627,2334.048623192368,109.97820448360208,1.0609174292994004
online_rate_000111,mgoin/mlperf-inference-llama2-data,12.0,3600.0,179.855,2224.656169712039,2316.5579371398144,111.14320427876633,1.0413105488744676
online_rate_000112,mgoin/mlperf-inference-llama2-data,13.0,3900.0,179.99,2242.4913396652128,2333.660691938119,112.11833784065045,1.0406553865606085
online_rate_000113,mgoin/mlperf-inference-llama2-data,14.0,4200.0,179.897,2268.781155493588,2372.4761284037945,113.37414542495276,1.0457051455399835
online_rate_000114,mgoin/mlperf-inference-llama2-data,15.0,4500.0,179.985,2304.332017580802,2390.875034033042,115.20699949563353,1.0375566610158449
online_rate_000115,mgoin/mlperf-inference-llama2-data,16.0,4800.0,179.887,2330.54462521857,2419.8362941909027,116.45407805463692,1.0383136490956306
online_rate_000116,mgoin/mlperf-inference-llama2-data,17.0,5100.0,179.851,2354.2465396643674,2432.3509798561586,117.61488733477115,1.0331759817316866
online_rate_000117,mgoin/mlperf-inference-llama2-data,18.0,5400.0,179.941,2390.1773000256844,2474.708236858125,119.46969265108936,1.0353659692239283
online_rate_000118,mgoin/mlperf-inference-llama2-data,19.0,5700.0,179.851,2414.9320435622003,2481.400655365562,120.6466508240848,1.02752400920786
online_rate_000119,mgoin/mlperf-inference-llama2-data,20.0,6000.0,179.95,2436.377585810425,2497.382795530056,121.78504071294054,1.0250393083875537
online_rate_000120,mgoin/mlperf-inference-llama2-data,21.0,6300.0,179.864,2452.8618475049343,2532.046610643293,122.55042870545208,1.032282602144473
online_rate_000121,mgoin/mlperf-inference-llama2-data,22.0,6600.0,179.934,2472.781567589922,2561.8125127050057,123.59374405075694,1.0360043710621223
online_rate_000122,mgoin/mlperf-inference-llama2-data,23.0,6900.0,179.92,2505.22059500326,2583.534441791731,125.20535818138514,1.031260259852833
online_rate_000123,mgoin/mlperf-inference-llama2-data,24.0,7200.0,179.916,2526.7834464924954,2606.389783910194,126.28021404420662,1.0315050098686545
online_rate_000124,mgoin/mlperf-inference-llama2-data,25.0,7500.0,179.911,2550.6418309468795,2627.5873642761067,127.46903401319001,1.0301671259349896
online_rate_000125,mgoin/mlperf-inference-llama2-data,26.0,7800.0,179.97,2578.948579005753,2683.963936663269,128.92593771212927,1.0407202216098477
online_rate_000126,mgoin/mlperf-inference-llama2-data,27.0,8100.0,179.868,2609.106536909452,2698.5295644951325,130.3596596057859,1.0342734289768036
online_rate_000127,mgoin/mlperf-inference-llama2-data,28.0,8400.0,179.866,2642.5684552818884,2748.770520896403,132.0300604938145,1.0401889553333012
online_rate_000128,mgoin/mlperf-inference-llama2-data,29.0,8700.0,179.863,2665.905333477908,2789.185519047164,133.19381416537138,1.0462432720401313
online_rate_000129,mgoin/mlperf-inference-llama2-data,30.0,9000.0,179.974,2694.847149198007,2797.842013227311,134.7228946749339,1.0382191858487986
online_rate_000130,mgoin/mlperf-inference-llama2-data,31.0,9300.0,179.931,2716.3338349775518,2828.857272669726,135.7646286837072,1.0414247454577337
online_rate_000131,mgoin/mlperf-inference-llama2-data,32.0,9600.0,179.92,2739.722209821705,2822.501698930901,136.9252277753114,1.030214555626274
online_rate_000132,mgoin/mlperf-inference-llama2-data,33.0,9900.0,179.89,2767.385372351628,2871.269811606918,138.28470962009288,1.0375388409193667
online_rate_000133,mgoin/mlperf-inference-llama2-data,34.0,10200.0,179.89,2781.712963104174,2872.715299370828,139.00065137022494,1.0327144955190137
online_rate_000134,mgoin/mlperf-inference-llama2-data,35.0,10500.0,179.954,2796.703362937224,2875.236812083293,139.79943249277923,1.0280807218194172
online_rate_000135,mgoin/mlperf-inference-llama2-data,36.0,10800.0,179.851,2814.1074163427247,2899.198860729812,140.58889803795984,1.0302374542964938
online_rate_000136,mgoin/mlperf-inference-llama2-data,37.0,11100.0,179.96,2821.634351308501,2895.0288044523754,141.05036607263276,1.026011326772315
online_rate_000137,mgoin/mlperf-inference-llama2-data,38.0,11400.0,179.879,2826.093053900381,2885.2596223376504,141.20966456737406,1.0209358175080652
online_rate_000138,mgoin/mlperf-inference-llama2-data,39.0,11700.0,179.917,2838.540720136796,2893.785287350884,141.86159187357,1.0194623127377316
online_rate_000139,mgoin/mlperf-inference-llama2-data,40.0,12000.0,179.891,2836.6288509662977,2895.149799485821,141.74555573032728,1.0206304566420765
online_rate_000140,mgoin/mlperf-inference-llama2-data,41.0,12300.0,179.902,2831.7081976842437,2887.7677789565305,141.50832449438633,1.019797089727724
online_rate_000141,mgoin/mlperf-inference-llama2-data,42.0,12600.0,179.933,2831.711720364571,2892.4163588857105,141.5328847167662,1.0214374359100804
online_rate_000142,mgoin/mlperf-inference-llama2-data,43.0,12900.0,179.906,2824.030468024244,2884.4312310770742,141.12778482788045,1.021388141430035
online_rate_000143,mgoin/mlperf-inference-llama2-data,44.0,13200.0,179.966,2820.842883621178,2899.461928571735,141.01550288715805,1.0278707635249902
online_rate_000144,mgoin/mlperf-inference-llama2-data,45.0,13500.0,179.902,2814.206380475799,2902.334238538875,140.63371007232143,1.0313153501017136
online_rate_000145,mgoin/mlperf-inference-llama2-data,46.0,13800.0,179.903,2769.1867037363977,2922.4447783843475,138.38472098952477,1.0553440742876463
online_rate_000146,mgoin/mlperf-inference-llama2-data,47.0,14100.0,179.873,2756.4490559056826,2947.6616241596403,137.72521139803413,1.0693691645939494
online_rate_000147,mgoin/mlperf-inference-llama2-data,48.0,14400.0,179.916,2759.4053897585004,2934.7148351110523,137.905883362164,1.0635316021354495
online_rate_000148,mgoin/mlperf-inference-llama2-data,49.0,14700.0,179.881,2761.4040143814877,2918.9290673129644,137.97892097526565,1.057045275559491
online_rate_000149,mgoin/mlperf-inference-llama2-data,50.0,15000.0,179.882,2779.150052178197,2924.896233058727,138.86640824608844,1.0524427174294888
online_rate_000150,mgoin/mlperf-inference-llama2-data,51.0,15300.0,179.89,2778.8401248624564,2928.300225888125,138.85709723930756,1.0537850665421302
online_rate_000151,mgoin/mlperf-inference-llama2-data,52.0,15600.0,179.902,2784.475951151961,2928.471005532382,139.14799793448336,1.0517135205713841
online_rate_000152,mgoin/mlperf-inference-llama2-data,53.0,15900.0,179.874,2794.406891635177,2943.4613991071947,139.62254034055164,1.0533403019861567
online_rate_000153,mgoin/mlperf-inference-llama2-data,54.0,16200.0,179.971,2770.9090361972294,2945.759702233809,138.523130598181,1.0631022757342274
online_rate_000154,mgoin/mlperf-inference-llama2-data,55.0,16500.0,179.853,2764.4104156634417,2918.300556800952,138.10764069119915,1.0556683408026364
online_rate_000155,mgoin/mlperf-inference-llama2-data,56.0,16800.0,179.952,2769.76547127816,2934.063867068971,138.4513433576243,1.0593185226310848
online_rate_000156,mgoin/mlperf-inference-llama2-data,57.0,17100.0,179.89,2793.7255256600624,2946.61480554544,139.60091244749682,1.0547259487308636
online_rate_000157,mgoin/mlperf-inference-llama2-data,58.0,17400.0,179.891,2790.459601532681,2941.659095561528,139.43849116092096,1.054184441138585
online_rate_000158,mgoin/mlperf-inference-llama2-data,59.0,17700.0,179.891,2777.2610205060523,2942.7100230900755,138.77896173329285,1.0595727233999332
online_rate_000159,mgoin/mlperf-inference-llama2-data,60.0,18000.0,179.884,2799.0276132230733,2923.649527577376,139.86118977139424,1.0445232886469458
online_rate_000160,mgoin/mlperf-inference-llama2-data,61.0,18300.0,179.891,2791.208315058062,2926.5632214697557,139.4759041678083,1.0484933015144295
online_rate_000161,mgoin/mlperf-inference-llama2-data,62.0,18600.0,179.856,2772.838133670082,2912.5716481736345,138.5309931581573,1.050393678883305
online_rate_000162,mgoin/mlperf-inference-llama2-data,63.0,18900.0,179.861,2776.143200731092,2918.3102972944257,138.6999700629708,1.0512102893416646
online_rate_000163,mgoin/mlperf-inference-llama2-data,64.0,19200.0,179.955,2784.7815767134484,2942.0414165298707,139.20426906596353,1.0564711577853865
online_rate_000164,mgoin/mlperf-inference-llama2-data,65.0,19500.0,179.857,2776.533066732135,2936.456281151272,138.71636327312265,1.0575981666976364
online_rate_000165,mgoin/mlperf-inference-llama2-data,66.0,19800.0,179.889,2780.69898007104,2915.2065902820013,138.9492107849998,1.0483718702293785
online_rate_000166,mgoin/mlperf-inference-llama2-data,67.0,20100.0,179.99,2778.77512397412,2936.4049629153856,138.93103737891718,1.0567263747185947
online_rate_000167,mgoin/mlperf-inference-llama2-data,68.0,20400.0,179.993,2780.1914804758608,2943.169375308304,139.00416809591434,1.0586211043293132
online_rate_000168,mgoin/mlperf-inference-llama2-data,69.0,20700.0,179.895,2778.6049739942378,2920.2724485290832,138.84920605463708,1.0509851079447248
online_rate_000169,mgoin/mlperf-inference-llama2-data,70.0,21000.0,179.89,2786.454813960495,2946.4965043873235,139.23759902315373,1.0574355950884253
online_rate_000170,mgoin/mlperf-inference-llama2-data,71.0,21300.0,179.856,2782.4741264271465,2928.3367330307456,139.01240735630023,1.0524219094144442
online_rate_000171,mgoin/mlperf-inference-llama2-data,72.0,21600.0,179.852,2741.7065550155244,2913.857704287759,136.9726131479589,1.0627897792188268
online_rate_000172,mgoin/mlperf-inference-llama2-data,73.0,21900.0,179.855,2746.538416087919,2896.752853464093,137.21629634041463,1.0546922761015425
online_rate_000173,mgoin/mlperf-inference-llama2-data,74.0,22200.0,179.848,2750.935849384609,2932.262702850372,137.43064184447866,1.0659146062989169
online_rate_000174,mgoin/mlperf-inference-llama2-data,75.0,22500.0,179.879,2755.899571902057,2911.210818809023,137.70234974838058,1.0563559167723133
online_rate_000175,mgoin/mlperf-inference-llama2-data,76.0,22800.0,179.882,2754.176571188471,2900.88576202901,137.61855277181238,1.053267895884116
online_rate_000176,mgoin/mlperf-inference-llama2-data,77.0,23100.0,179.882,2752.5324654225,2921.42073795874,137.53640137364727,1.0613574134575436
online_rate_000177,mgoin/mlperf-inference-llama2-data,78.0,23400.0,179.883,2751.2405445125164,2906.3871350404684,137.47261190792918,1.0563915034028557
online_rate_000178,mgoin/mlperf-inference-llama2-data,79.0,23700.0,179.887,2761.5393327291044,2928.167666231695,137.99028498517788,1.0603389318152203
online_rate_000179,mgoin/mlperf-inference-llama2-data,80.0,24000.0,179.945,2772.375539024036,2915.56607153955,138.57642121380002,1.0516490390641384
online_rate_000180,mgoin/mlperf-inference-llama2-data,81.0,24300.0,179.854,2769.528163814678,2945.98499484559,138.36408843742365,1.0637136799460687
online_rate_000181,mgoin/mlperf-inference-llama2-data,82.0,24600.0,179.947,2772.6197121947057,2919.363023695788,138.59016648619465,1.0529258703801558
online_rate_000182,mgoin/mlperf-inference-llama2-data,83.0,24900.0,179.848,2753.5451694132103,2943.578051729992,137.56099767461865,1.0690138968583829
online_rate_000183,mgoin/mlperf-inference-llama2-data,84.0,25200.0,179.893,2771.7585784896496,2943.303878577355,138.50554610006625,1.0618904191075622
online_rate_000184,mgoin/mlperf-inference-llama2-data,85.0,25500.0,179.893,2773.1410979811767,2963.131863480634,138.57463098309105,1.0685110345224658
online_rate_000185,mgoin/mlperf-inference-llama2-data,86.0,25800.0,179.886,2775.5014812619274,2947.389946113947,138.68718318285642,1.0619305974118478
online_rate_000186,mgoin/mlperf-inference-llama2-data,87.0,26100.0,179.884,2776.4138211706686,2924.11235218421,138.73122883540682,1.053197592479663
online_rate_000187,mgoin/mlperf-inference-llama2-data,88.0,26400.0,179.889,2765.8447610989856,2920.1198543780147,138.20695784148208,1.055778652312261
online_rate_000188,mgoin/mlperf-inference-llama2-data,89.0,26700.0,179.948,2761.593850192585,2946.8987514110145,138.039802820682,1.0671007075155194
online_rate_000189,mgoin/mlperf-inference-llama2-data,90.0,27000.0,179.856,2724.422937091683,2922.66662340271,136.11216993710048,1.0727653858775141
online_rate_000190,mgoin/mlperf-inference-llama2-data,91.0,27300.0,179.956,2743.2432760189267,2914.8308175550405,137.12863527201722,1.062549152324954
online_rate_000191,mgoin/mlperf-inference-llama2-data,92.0,27600.0,179.954,2748.9859312454705,2963.687229947513,137.41417063092985,1.0781019998180816
online_rate_000192,mgoin/mlperf-inference-llama2-data,93.0,27900.0,179.879,2756.0007080332166,2933.6280034111824,137.7074031556408,1.0644511065836144
online_rate_000193,mgoin/mlperf-inference-llama2-data,94.0,28200.0,179.899,2750.801832346864,2915.3518296114844,137.46291634371346,1.0598189209159548
online_rate_000194,mgoin/mlperf-inference-llama2-data,95.0,28500.0,179.895,2722.2660134454527,2951.9792617529706,136.03390124688048,1.0843831011271305
online_rate_000195,mgoin/mlperf-inference-llama2-data,96.0,28800.0,179.906,2736.3473586714786,2916.1463130471134,136.74591886365306,1.065707649946507
online_rate_000196,mgoin/mlperf-inference-llama2-data,97.0,29100.0,179.9,2735.6363699688463,2943.6319139432144,136.70582859927651,1.0760318682181933
online_rate_000197,mgoin/mlperf-inference-llama2-data,98.0,29400.0,179.95,2743.408329696937,2928.479011148592,137.13231359137885,1.0674601295943793
online_rate_000198,mgoin/mlperf-inference-llama2-data,99.0,29700.0,179.946,2754.548123890882,2919.268047252076,137.68608797268573,1.0597992541617034
online_rate_000199,mgoin/mlperf-inference-llama2-data,100.0,30000.0,179.85,2746.759266195935,2919.2085763054315,137.2235150070386,1.0627828263771824
