year,scope,share_mae,share_corr,n_months,peak_month_obs,peak_month_gray,peak_month_error,summer_fraction_obs,summer_fraction_gray,amplitude_obs,amplitude_gray,month,p_obs,p_gray,share_abs_error
,pooled,0.0764245648362777,0.7513998166662088,132.0,,,,,,,,,,,
2013.0,year,0.06099471113571525,0.8780763478206702,12.0,7.0,7.0,0.0,0.5435302150904745,0.8497245159034323,4.650051212017753,5.9705055006415035,,,,
2013.0,month,,,,,,,,,,,1.0,0.13041993854557868,0.0,0.13041993854557868
2013.0,month,,,,,,,,,,,2.0,0.029702970297029695,0.0,0.029702970297029695
2013.0,month,,,,,,,,,,,3.0,0.03414134516899965,0.0,0.03414134516899965
2013.0,month,,,,,,,,,,,4.0,0.05394332536701944,0.0,0.05394332536701944
2013.0,month,,,,,,,,,,,5.0,0.08125640150221916,0.0362167792765245,0.04503962222569466
2013.0,month,,,,,,,,,,,6.0,0.05462615227039945,0.13104611939399138,0.07641996712359193
2013.0,month,,,,,,,,,,,7.0,0.40525776715602585,0.49754212505345863,0.09228435789743278
2013.0,month,,,,,,,,,,,8.0,0.08364629566404914,0.2211362714559824,0.13748997579193328
2013.0,month,,,,,,,,,,,9.0,0.05428473881870945,0.11405870482004299,0.059773966001333535
2013.0,month,,,,,,,,,,,10.0,0.022874701263229765,0.0,0.022874701263229765
2013.0,month,,,,,,,,,,,11.0,0.017753499487879822,0.0,0.017753499487879822
2013.0,month,,,,,,,,,,,12.0,0.03209286445885968,0.0,0.03209286445885968
2014.0,year,0.09588392810009556,0.5484537680075915,12.0,8.0,7.0,-1.0,0.3646659116647792,0.8632784681463079,1.359003397508494,6.682931188064177,,,,
2014.0,month,,,,,,,,,,,1.0,0.05492638731596829,0.0,0.05492638731596829
2014.0,month,,,,,,,,,,,2.0,0.056625141562853906,0.0,0.056625141562853906
2014.0,month,,,,,,,,,,,3.0,0.060022650056625146,0.0,0.060022650056625146
2014.0,month,,,,,,,,,,,4.0,0.05719139297848245,0.001633934050381743,0.055557458928100704
2014.0,month,,,,,,,,,,,5.0,0.08607021517553795,0.030346431878190486,0.055723783297347465
2014.0,month,,,,,,,,,,,6.0,0.10702151755379388,0.030330505434749362,0.07669101211904453
2014.0,month,,,,,,,,,,,7.0,0.10702151755379388,0.5569109323386814,0.44988941478488753
2014.0,month,,,,,,,,,,,8.0,0.15062287655719142,0.27603703037287725,0.12541415381568582
2014.0,month,,,,,,,,,,,9.0,0.13929784824462063,0.0753273180185101,0.06397053022611053
2014.0,month,,,,,,,,,,,10.0,0.09003397508493771,0.029413847906609773,0.06062012717832794
2014.0,month,,,,,,,,,,,11.0,0.053793884484711216,0.0,0.053793884484711216
2014.0,month,,,,,,,,,,,12.0,0.03737259343148358,0.0,0.03737259343148358
2016.0,year,0.09100761479382168,0.6742331130624647,12.0,8.0,8.0,0.0,0.3958351335003888,0.9251937736199436,1.926553184135488,4.9978693655085165,,,,
2016.0,month,,,,,,,,,,,1.0,0.020565108442063423,0.0,0.020565108442063423
2016.0,month,,,,,,,,,,,2.0,0.023848613151300435,0.0,0.023848613151300435
2016.0,month,,,,,,,,,,,3.0,0.09228376393329299,0.0,0.09228376393329299
2016.0,month,,,,,,,,,,,4.0,0.1268469713989458,0.00965572173933885,0.11719124965960695
2016.0,month,,,,,,,,,,,5.0,0.09720902099714852,0.007601337430806655,0.08960768356634187
2016.0,month,,,,,,,,,,,6.0,0.1219217143350903,0.22857788626423134,0.10665617192914104
2016.0,month,,,,,,,,,,,7.0,0.09280221204527779,0.28012677356333604,0.18732456151805826
2016.0,month,,,,,,,,,,,8.0,0.1811112071200207,0.41648911379237624,0.23537790667235553
2016.0,month,,,,,,,,,,,9.0,0.040266136697485515,0.05695318534086073,0.016687048643375217
2016.0,month,,,,,,,,,,,10.0,0.06921282294996975,0.0005959818690499735,0.06861684108091977
2016.0,month,,,,,,,,,,,11.0,0.040438952734813786,0.0,0.040438952734813786
2016.0,month,,,,,,,,,,,12.0,0.09349347619459085,0.0,0.09349347619459085
2017.0,year,0.06101928439728153,0.9602103924259557,12.0,7.0,7.0,0.0,0.4996393206111877,0.8301447457016209,1.8823529411764703,4.3753497850192815,,,,
2017.0,month,,,,,,,,,,,1.0,0.03967473276936193,0.0,0.03967473276936193
2017.0,month,,,,,,,,,,,2.0,0.052396878483835015,0.0,0.052396878483835015
2017.0,month,,,,,,,,,,,3.0,0.0423634336677815,0.0,0.0423634336677815
2017.0,month,,,,,,,,,,,4.0,0.04570791527313267,0.0,0.04570791527313267
2017.0,month,,,,,,,,,,,5.0,0.09341596170240674,0.04402004733365786,0.04939591436874888
2017.0,month,,,,,,,,,,,6.0,0.13141845366909308,0.11461996796932097,0.016798485699772103
2017.0,month,,,,,,,,,,,7.0,0.19345530854482265,0.3646124820849401,0.17115717354011747
2017.0,month,,,,,,,,,,,8.0,0.17476555839727198,0.3509122956473598,0.17614673725008784
2017.0,month,,,,,,,,,,,9.0,0.10702341137123748,0.12583520696472125,0.01881179559348377
2017.0,month,,,,,,,,,,,10.0,0.036592563446783404,0.0,0.036592563446783404
2017.0,month,,,,,,,,,,,11.0,0.042592956915207564,0.0,0.042592956915207564
2017.0,month,,,,,,,,,,,12.0,0.04059282575906618,0.0,0.04059282575906618
2018.0,year,0.0860638066046752,0.46958983077936867,12.0,8.0,7.0,-1.0,0.4224299503326774,0.9388127899607285,3.2254709024458816,6.575005906577133,,,,
2018.0,month,,,,,,,,,,,1.0,0.026403336144691224,0.0,0.026403336144691224
2018.0,month,,,,,,,,,,,2.0,0.03162777621591229,0.0,0.03162777621591229
2018.0,month,,,,,,,,,,,3.0,0.025559928778933563,0.0,0.025559928778933563
2018.0,month,,,,,,,,,,,4.0,0.03413457033080312,0.006837065790434467,0.02729750454036865
2018.0,month,,,,,,,,,,,5.0,0.03954643426108144,0.011353804698009664,0.028192629563071774
2018.0,month,,,,,,,,,,,6.0,0.03514197357323588,0.05855733181634596,0.023415358243110078
2018.0,month,,,,,,,,,,,7.0,0.09293880611001781,0.5479171588814278,0.45497835277140997
2018.0,month,,,,,,,,,,,8.0,0.2943491706494237,0.3323382992629548,0.0379891286135311
2018.0,month,,,,,,,,,,,9.0,0.09715584293880612,0.04275327870190212,0.054402564236904004
2018.0,month,,,,,,,,,,,10.0,0.17976290881829254,0.00024306084892513044,0.1795198479693674
2018.0,month,,,,,,,,,,,11.0,0.09453190891200451,0.0,0.09453190891200451
2018.0,month,,,,,,,,,,,12.0,0.04884734326679787,0.0,0.04884734326679787
2019.0,year,0.07632515934764973,0.8713082666166758,12.0,8.0,8.0,0.0,0.4745095539371146,0.9032652677823071,1.7787056367432152,5.994159936265214,,,,
2019.0,month,,,,,,,,,,,1.0,0.04188114551626321,0.0,0.04188114551626321
2019.0,month,,,,,,,,,,,2.0,0.06191333726433887,0.0,0.06191333726433887
2019.0,month,,,,,,,,,,,3.0,0.027267366810626463,0.0,0.027267366810626463
2019.0,month,,,,,,,,,,,4.0,0.05525187652392866,0.0,0.05525187652392866
2019.0,month,,,,,,,,,,,5.0,0.09289391065993083,0.006875085205464682,0.08601882545446615
2019.0,month,,,,,,,,,,,6.0,0.14444851710784237,0.1152532748671366,0.02919524224070577
2019.0,month,,,,,,,,,,,7.0,0.15456820029004448,0.2884986648930694,0.13393046460302493
2019.0,month,,,,,,,,,,,8.0,0.17549283653922773,0.4995133280221011,0.3240204914828734
2019.0,month,,,,,,,,,,,9.0,0.09467879966214603,0.08985964701222812,0.004819152649917904
2019.0,month,,,,,,,,,,,10.0,0.06449505171397155,0.0,0.06449505171397155
2019.0,month,,,,,,,,,,,11.0,0.043650098009530035,0.0,0.043650098009530035
2019.0,month,,,,,,,,,,,12.0,0.043458859902149836,0.0,0.043458859902149836
2020.0,year,0.06594009239917027,0.8674095811589982,12.0,7.0,7.0,0.0,0.4518885822697482,0.7508450515976792,1.8759572266298725,4.4494484763167375,,,,
2020.0,month,,,,,,,,,,,1.0,0.015272507761297,0.0,0.015272507761297
2020.0,month,,,,,,,,,,,2.0,0.0240082787167989,0.0,0.0240082787167989
2020.0,month,,,,,,,,,,,3.0,0.04973266643670231,0.0,0.04973266643670231
2020.0,month,,,,,,,,,,,4.0,0.048740945153501206,0.0,0.048740945153501206
2020.0,month,,,,,,,,,,,5.0,0.0923076923076923,0.026653823279896724,0.06565386902779557
2020.0,month,,,,,,,,,,,6.0,0.13726284925836493,0.08196036869988693,0.055302480558478
2020.0,month,,,,,,,,,,,7.0,0.1716022766471197,0.37078737302639475,0.19918509637927506
2020.0,month,,,,,,,,,,,8.0,0.14302345636426356,0.2980973098713975,0.15507385350713393
2020.0,month,,,,,,,,,,,9.0,0.14873232149016902,0.19011392599878174,0.041381604508612724
2020.0,month,,,,,,,,,,,10.0,0.08227837185236289,0.032387199123642414,0.04989117272872048
2020.0,month,,,,,,,,,,,11.0,0.049931010693342534,0.0,0.049931010693342534
2020.0,month,,,,,,,,,,,12.0,0.03710762331838565,0.0,0.03710762331838565
2021.0,year,0.07403473893825753,0.9810201489602411,12.0,7.0,7.0,0.0,0.4816187966230402,0.9258272302525854,1.6489033814267207,4.4935092213696315,,,,
2021.0,month,,,,,,,,,,,1.0,0.04603862360596179,0.0,0.04603862360596179
2021.0,month,,,,,,,,,,,2.0,0.04999925552031685,0.0,0.04999925552031685
2021.0,month,,,,,,,,,,,3.0,0.05728026682151844,0.0,0.05728026682151844
2021.0,month,,,,,,,,,,,4.0,0.06070487336400589,0.00352143960519192,0.05718343375881397
2021.0,month,,,,,,,,,,,5.0,0.07323446643141107,0.01120214456181985,0.06203232186959122
2021.0,month,,,,,,,,,,,6.0,0.15832849421539288,0.3201521204791078,0.1618236262637149
2021.0,month,,,,,,,,,,,7.0,0.17594288351870874,0.3744591017808026,0.19851621826209387
2021.0,month,,,,,,,,,,,8.0,0.14734741888893851,0.231216007992675,0.08386858910373649
2021.0,month,,,,,,,,,,,9.0,0.0838358571194592,0.058198950828564196,0.02563690629089501
2021.0,month,,,,,,,,,,,10.0,0.057525945116957744,0.0012502347518387085,0.05627571036511904
2021.0,month,,,,,,,,,,,11.0,0.03853426839981536,0.0,0.03853426839981536
2021.0,month,,,,,,,,,,,12.0,0.05122764699751344,0.0,0.05122764699751344
2022.0,year,0.08480270637711962,0.8281266418597253,12.0,8.0,7.0,-1.0,0.41238259717523484,0.8622774886976012,1.3852705292294591,5.15992910763022,,,,
2022.0,month,,,,,,,,,,,1.0,0.04817951690364096,0.0,0.04817951690364096
2022.0,month,,,,,,,,,,,2.0,0.08764106082471787,0.0,0.08764106082471787
2022.0,month,,,,,,,,,,,3.0,0.06515413186969173,0.0,0.06515413186969173
2022.0,month,,,,,,,,,,,4.0,0.08170290283659419,0.0004268732833377421,0.08127602955325645
2022.0,month,,,,,,,,,,,5.0,0.06456268187087463,0.0009403095614272873,0.06362237230944734
2022.0,month,,,,,,,,,,,6.0,0.11824268376351463,0.06036707111966131,0.05787561264385332
2022.0,month,,,,,,,,,,,7.0,0.14198348671603303,0.42999409230251845,0.2880106055864854
2022.0,month,,,,,,,,,,,8.0,0.15215642669568716,0.3719163252754214,0.21975989857973424
2022.0,month,,,,,,,,,,,9.0,0.11696515176606968,0.11801088586256778,0.0010457340964980938
2022.0,month,,,,,,,,,,,10.0,0.04817951690364096,0.018344442595066054,0.029835074308574905
2022.0,month,,,,,,,,,,,11.0,0.03671721592656557,0.0,0.03671721592656557
2022.0,month,,,,,,,,,,,12.0,0.03851522392296955,0.0,0.03851522392296955
2023.0,year,0.07591959460724677,0.8729800408278956,12.0,8.0,7.0,-1.0,0.4521552464365447,0.8897934344856394,1.9095311695002575,5.130176507664861,,,,
2023.0,month,,,,,,,,,,,1.0,0.04372316675253305,0.0,0.04372316675253305
2023.0,month,,,,,,,,,,,2.0,0.06448566031255365,0.0,0.06448566031255365
2023.0,month,,,,,,,,,,,3.0,0.045715267044478786,0.0,0.045715267044478786
2023.0,month,,,,,,,,,,,4.0,0.05220676627168125,0.012916152233298199,0.03929061403838305
2023.0,month,,,,,,,,,,,5.0,0.0897132062510733,0.02013748874351073,0.06957571750756257
2023.0,month,,,,,,,,,,,6.0,0.11080199210029193,0.09292261250590597,0.017879379594385958
2023.0,month,,,,,,,,,,,7.0,0.14152498712004122,0.4275147089720717,0.28598972185203053
2023.0,month,,,,,,,,,,,8.0,0.19982826721621155,0.3693561130076617,0.16952784579145014
2023.0,month,,,,,,,,,,,9.0,0.11126567061652068,0.06293511028199214,0.04833056033452854
2023.0,month,,,,,,,,,,,10.0,0.05644856603125536,0.014217814255559423,0.042230751775695935
2023.0,month,,,,,,,,,,,11.0,0.04070066975785677,0.0,0.04070066975785677
2023.0,month,,,,,,,,,,,12.0,0.043585780525502306,0.0,0.043585780525502306
2024.0,year,0.06867857649802149,0.8835899698070251,12.0,7.0,7.0,0.0,0.45757613183245704,0.8488615248299165,2.3412258724725645,6.395981235414482,,,,
2024.0,month,,,,,,,,,,,1.0,0.036169236740887116,0.0,0.036169236740887116
2024.0,month,,,,,,,,,,,2.0,0.02445393274286319,0.0,0.02445393274286319
2024.0,month,,,,,,,,,,,3.0,0.035516426126539394,0.0,0.035516426126539394
2024.0,month,,,,,,,,,,,4.0,0.05435971629203571,0.0,0.05435971629203571
2024.0,month,,,,,,,,,,,5.0,0.06590740675394331,0.004045825671787737,0.06186158108215557
2024.0,month,,,,,,,,,,,6.0,0.10684921839161578,0.08606315240094621,0.020786065990669567
2024.0,month,,,,,,,,,,,7.0,0.21936200995095098,0.5329984362845402,0.31363642633358924
2024.0,month,,,,,,,,,,,8.0,0.13136490348989024,0.22979993614443012,0.09843503265453987
2024.0,month,,,,,,,,,,,9.0,0.15140795370337695,0.1346060933990415,0.016801860304335448
2024.0,month,,,,,,,,,,,10.0,0.11165708034863615,0.012486556099254321,0.09917052424938183
2024.0,month,,,,,,,,,,,11.0,0.024259853911570626,0.0,0.024259853911570626
2024.0,month,,,,,,,,,,,12.0,0.038692261547690454,0.0,0.038692261547690454
